"","country","category","product_model","colour","location","type_of_picture","price","page","count"
"1",29,1,"A13",1,5,1,28,1,1169
"2",29,1,"A16",1,6,1,33,1,0
"3",29,2,"B4",10,2,1,52,1,0
"4",29,2,"B17",6,6,2,38,1,0
"5",29,2,"B8",4,3,2,52,1,0
"6",29,3,"C56",6,1,2,57,4,0
"7",29,3,"C57",5,1,2,33,4,0
"8",29,4,"P67",9,5,1,38,4,0
"9",29,4,"P82",6,4,2,48,5,0
"10",29,2,"B31",9,5,1,57,2,0
"11",29,2,"B21",12,1,1,67,2,0
"12",29,2,"B24",11,2,1,57,2,0
"13",29,2,"B27",2,3,1,57,2,0
"14",29,1,"A10",3,4,1,38,1,0
"17",29,4,"P1",3,1,1,38,1,0
"18",29,4,"P34",9,6,2,48,2,0
"19",29,4,"P33",9,5,1,43,2,0
"20",21,2,"B17",6,6,2,38,1,0
"21",21,3,"C4",4,2,1,48,1,0
"22",21,3,"C7",13,3,1,48,1,0
"23",21,3,"C10",9,4,2,28,1,0
"24",21,3,"C17",14,6,1,48,1,0
"25",21,4,"P77",7,2,1,43,5,0
"26",21,1,"A34",2,6,1,38,2,0
"27",21,1,"A37",2,1,1,62,3,0
"29",21,3,"C25",2,3,1,33,2,0
"30",9,3,"C21",14,1,1,57,2,0
"31",9,3,"C7",13,3,1,48,1,0
"32",9,3,"C15",6,5,1,33,1,0
"33",9,3,"C53",14,6,1,38,3,0
"34",9,2,"B17",6,6,2,38,1,0
"35",9,2,"B26",13,3,1,57,2,0
"36",29,1,"A11",3,4,1,62,1,0
"37",29,3,"C5",11,2,1,48,1,0
"38",29,4,"P60",14,2,1,28,4,0
"39",29,4,"P56",2,1,1,33,4,0
"40",29,4,"P55",14,1,2,33,4,0
"41",29,4,"P48",9,4,2,33,3,0
"42",29,4,"P50",6,5,2,33,3,0
"43",29,4,"P42",6,2,2,28,3,0
"44",29,4,"P23",6,2,2,28,2,0
"47",9,3,"C49",4,5,2,26,3,0
"48",9,2,"B23",7,2,1,38,2,0
"49",9,3,"C5",11,2,1,48,1,0
"50",9,3,"C19",12,1,1,48,2,0
"51",9,3,"C34",7,6,1,48,2,0
"52",9,3,"C40",14,2,2,28,3,0
"53",9,3,"C50",9,5,2,20,3,0
"54",9,3,"C42",7,2,1,28,3,0
"55",9,2,"B24",11,2,1,57,2,0
"56",29,1,"A18",4,6,1,38,1,0
"57",29,1,"A1",8,1,1,28,1,0
"58",29,2,"B26",13,3,1,57,2,0
"59",16,1,"A1",8,1,1,28,1,0
"60",16,2,"B1",4,1,1,57,1,0
"61",16,2,"B4",10,2,1,52,1,0
"62",16,2,"B16",12,6,1,52,1,0
"63",16,2,"B17",6,6,2,38,1,0
"64",9,1,"A3",3,1,1,72,1,0
"66",29,2,"B3",12,1,1,52,1,0
"68",29,2,"B30",9,4,1,57,2,0
"70",29,3,"C17",14,6,1,48,1,0
"71",29,4,"P16",7,6,1,33,1,0
"72",38,1,"A1",8,1,1,28,1,0
"73",38,1,"A2",3,1,1,43,1,0
"74",38,1,"A5",3,2,1,43,1,0
"75",9,1,"A41",4,2,1,43,3,0
"76",21,1,"A1",8,1,1,28,1,0
"77",21,1,"A2",3,1,1,43,1,0
"78",21,1,"A5",3,2,1,43,1,0
"79",21,2,"B1",4,1,1,57,1,0
"80",21,2,"B2",3,1,2,57,1,0
"81",21,2,"B3",12,1,1,52,1,0
"82",21,2,"B13",12,5,2,62,1,0
"83",21,2,"B15",9,5,1,38,1,0
"84",21,2,"B16",12,6,1,52,1,0
"86",21,2,"B9",1,3,1,48,1,0
"87",21,2,"B20",8,1,1,43,2,0
"88",21,2,"B21",12,1,1,67,2,0
"89",21,2,"B23",7,2,1,38,2,0
"90",21,2,"B25",6,3,1,38,2,0
"91",21,2,"B26",13,3,1,57,2,0
"92",21,2,"B33",6,5,2,33,2,0
"93",21,2,"B34",2,6,1,48,2,0
"94",21,3,"C2",12,1,1,43,1,0
"95",21,3,"C5",11,2,1,48,1,0
"96",21,3,"C33",14,5,1,48,2,0
"97",21,3,"C35",9,6,1,50,2,0
"98",21,3,"C55",13,1,1,48,4,0
"99",21,3,"C56",6,1,2,57,4,0
"100",21,3,"C59",5,2,2,52,4,0
"101",29,4,"P61",1,3,2,28,4,0
"102",29,4,"P62",12,3,2,33,4,0
"104",9,3,"C57",5,1,2,33,4,0
"105",9,1,"A6",3,2,1,43,1,0
"106",9,3,"C47",13,4,2,18,3,0
"108",9,2,"B33",6,5,2,33,2,0
"109",9,2,"B32",6,5,1,38,2,0
"110",9,1,"A17",2,6,1,62,1,0
"112",9,1,"A2",3,1,1,43,1,0
"113",9,1,"A1",8,1,1,28,1,0
"114",9,1,"A7",3,3,1,43,1,0
"115",9,1,"A8",3,3,1,62,1,0
"116",9,1,"A9",3,3,1,82,1,0
"117",9,1,"A20",2,1,2,38,2,0
"118",9,1,"A34",2,6,1,38,2,0
"119",9,1,"A32",2,5,1,38,2,0
"122",29,3,"C11",7,4,1,33,1,0
"124",29,3,"C22",11,2,2,43,2,0
"125",29,4,"P12",4,4,1,33,1,0
"126",29,1,"A4",3,2,2,38,1,0
"127",29,1,"A23",6,2,2,33,2,0
"130",29,2,"B12",2,4,1,38,1,0
"131",29,2,"B10",2,4,1,67,1,0
"132",29,2,"B15",9,5,1,38,1,0
"133",29,3,"C14",9,5,1,23,1,0
"136",9,1,"A12",2,4,1,38,1,0
"137",9,1,"A10",3,4,1,38,1,0
"138",9,1,"A31",6,5,2,62,2,0
"140",29,1,"A15",14,5,2,33,1,0
"143",29,2,"B1",4,1,1,57,1,0
"144",29,2,"B7",6,3,1,38,1,0
"146",29,2,"B32",6,5,1,38,2,0
"147",29,3,"C15",6,5,1,33,1,0
"153",9,2,"B2",3,1,2,57,1,0
"154",9,1,"A4",3,2,2,38,1,0
"155",9,3,"C2",12,1,1,43,1,0
"156",9,3,"C8",2,3,2,48,1,0
"157",9,3,"C18",9,6,1,48,1,0
"158",29,1,"A6",3,2,1,43,1,0
"161",29,3,"C7",13,3,1,48,1,0
"162",29,4,"P2",3,1,1,28,1,0
"163",29,4,"P10",4,4,2,65,1,0
"166",29,1,"A7",3,3,1,43,1,0
"168",29,2,"B9",1,3,1,48,1,0
"169",29,3,"C26",14,3,1,28,2,0
"170",29,3,"C19",12,1,1,48,2,0
"171",29,3,"C31",12,5,1,33,2,0
"172",29,3,"C53",14,6,1,38,3,0
"174",29,1,"A5",3,2,1,43,1,0
"175",29,1,"A17",2,6,1,62,1,0
"176",29,1,"A35",14,6,2,33,2,0
"177",29,1,"A36",1,6,1,33,2,0
"186",29,2,"B34",2,6,1,48,2,0
"188",29,3,"C49",4,5,2,26,3,0
"189",29,3,"C46",2,4,1,48,3,0
"190",29,1,"A2",3,1,1,43,1,0
"191",29,1,"A12",2,4,1,38,1,0
"192",29,4,"P29",5,4,2,33,2,0
"196",29,1,"A3",3,1,1,72,1,0
"199",29,1,"A21",1,1,1,62,2,0
"200",29,1,"A41",4,2,1,43,3,0
"202",29,4,"P63",14,3,2,28,4,0
"204",29,4,"P30",4,4,1,33,2,0
"205",29,4,"P32",3,5,2,43,2,0
"206",29,4,"P66",9,4,2,43,4,0
"207",29,4,"P57",4,1,1,43,4,0
"211",29,4,"P43",7,3,2,38,3,0
"213",29,4,"P4",4,2,1,38,1,0
"214",24,3,"C17",14,6,1,48,1,0
"215",24,2,"B1",4,1,1,57,1,0
"216",24,2,"B4",10,2,1,52,1,0
"217",24,1,"A28",1,4,2,43,2,0
"218",24,1,"A21",1,1,1,62,2,0
"219",24,1,"A16",1,6,1,33,1,0
"220",24,1,"A11",3,4,1,62,1,0
"224",29,2,"B28",9,4,1,38,2,0
"226",29,1,"A8",3,3,1,62,1,0
"229",29,4,"P15",4,5,2,38,1,0
"234",41,3,"C19",12,1,1,48,2,0
"235",41,1,"A1",8,1,1,28,1,0
"237",9,1,"A5",3,2,1,43,1,0
"240",9,1,"A11",3,4,1,62,1,0
"241",9,2,"B15",9,5,1,38,1,0
"244",9,1,"A19",12,1,2,33,2,0
"246",9,2,"B19",13,1,1,38,2,0
"249",9,2,"B27",2,3,1,57,2,0
"252",9,2,"B16",12,6,1,52,1,0
"253",9,2,"B13",12,5,2,62,1,0
"254",9,2,"B14",2,5,1,62,1,0
"257",9,2,"B6",2,2,1,52,1,0
"272",9,2,"B3",12,1,1,52,1,0
"274",9,2,"B10",2,4,1,67,1,0
"280",12,1,"A4",3,2,2,38,1,0
"281",12,1,"A15",14,5,2,33,1,0
"282",12,1,"A29",2,4,1,60,2,0
"288",29,4,"P49",14,5,1,33,3,0
"292",9,2,"B4",10,2,1,52,1,0
"295",9,2,"B1",4,1,1,57,1,0
"296",9,2,"B9",1,3,1,48,1,0
"299",9,3,"C3",6,1,2,23,1,0
"300",9,3,"C9",6,3,1,48,1,0
"301",9,3,"C17",14,6,1,48,1,0
"303",9,3,"C11",7,4,1,33,1,0
"304",9,3,"C14",9,5,1,23,1,0
"306",9,3,"C36",14,6,1,43,2,0
"307",9,3,"C37",2,1,1,43,3,0
"308",9,3,"C39",6,1,1,77,3,0
"311",9,3,"C51",6,5,1,20,3,0
"312",9,3,"C52",2,6,1,38,3,0
"325",9,1,"A13",1,5,1,28,1,0
"326",9,1,"A15",14,5,2,33,1,0
"327",9,1,"A16",1,6,1,33,1,0
"331",9,1,"A36",1,6,1,33,2,0
"332",9,1,"A42",6,2,1,28,3,0
"333",29,2,"B19",13,1,1,38,2,0
"335",29,2,"B29",2,4,1,62,2,0
"336",29,2,"B23",7,2,1,38,2,0
"341",38,1,"A13",1,5,1,28,1,0
"342",38,2,"B9",1,3,1,48,1,0
"343",38,2,"B13",12,5,2,62,1,0
"344",38,2,"B12",2,4,1,38,1,0
"346",38,2,"B10",2,4,1,67,1,0
"347",38,2,"B11",2,4,1,43,1,0
"348",38,4,"P16",7,6,1,33,1,0
"349",38,4,"P1",3,1,1,38,1,0
"354",29,4,"P6",2,2,1,43,1,0
"355",29,4,"P17",2,6,2,38,1,0
"357",29,4,"P11",4,4,2,38,1,0
"361",29,3,"C1",4,1,2,28,1,0
"362",29,3,"C13",9,5,1,48,1,0
"365",29,1,"A14",3,5,1,60,1,0
"367",29,1,"A24",2,2,1,48,2,0
"373",29,4,"P20",7,1,1,23,2,0
"374",41,4,"P40",4,2,1,43,3,0
"375",41,4,"P51",9,5,1,28,3,0
"376",41,4,"P61",1,3,2,28,4,0
"378",29,4,"P25",2,3,2,43,2,0
"381",29,1,"A9",3,3,1,82,1,0
"383",24,3,"C44",14,3,1,55,3,0
"384",24,3,"C45",11,3,1,55,3,0
"386",21,1,"A15",14,5,2,33,1,0
"387",21,1,"A4",3,2,2,38,1,0
"388",21,2,"B4",10,2,1,52,1,0
"391",24,1,"A15",14,5,2,33,1,0
"393",24,2,"B10",2,4,1,67,1,0
"394",24,2,"B12",2,4,1,38,1,0
"395",24,2,"B15",9,5,1,38,1,0
"396",24,2,"B24",11,2,1,57,2,0
"397",31,1,"A6",3,2,1,43,1,0
"398",9,3,"C13",9,5,1,48,1,0
"399",9,3,"C1",4,1,2,28,1,0
"404",24,2,"B11",2,4,1,43,1,0
"406",24,2,"B13",12,5,2,62,1,0
"407",24,2,"B14",2,5,1,62,1,0
"410",24,2,"B20",8,1,1,43,2,0
"411",24,2,"B21",12,1,1,67,2,0
"412",24,2,"B22",2,2,1,67,2,0
"413",24,2,"B27",2,3,1,57,2,0
"414",24,2,"B30",9,4,1,57,2,0
"417",24,1,"A13",1,5,1,28,1,0
"419",24,1,"A14",3,5,1,60,1,0
"422",24,1,"A4",3,2,2,38,1,0
"424",24,1,"A5",3,2,1,43,1,0
"425",24,1,"A6",3,2,1,43,1,0
"426",24,1,"A10",3,4,1,38,1,0
"427",24,1,"A9",3,3,1,82,1,0
"428",24,1,"A12",2,4,1,38,1,0
"430",24,1,"A18",4,6,1,38,1,0
"431",24,1,"A34",2,6,1,38,2,0
"433",24,1,"A30",6,4,1,38,2,0
"435",24,2,"B3",12,1,1,52,1,0
"438",24,2,"B32",6,5,1,38,2,0
"439",24,2,"B33",6,5,2,33,2,0
"440",24,3,"C4",4,2,1,48,1,0
"441",24,3,"C35",9,6,1,50,2,0
"442",24,3,"C49",4,5,2,26,3,0
"443",24,3,"C58",14,2,2,48,4,0
"444",24,3,"C55",13,1,1,48,4,0
"448",24,3,"C2",12,1,1,43,1,0
"450",24,3,"C9",6,3,1,48,1,0
"451",24,3,"C1",4,1,2,28,1,0
"452",24,1,"A2",3,1,1,43,1,0
"455",24,3,"C21",14,1,1,57,2,0
"456",24,3,"C54",14,6,1,57,3,0
"457",24,3,"C56",6,1,2,57,4,0
"459",41,2,"B31",9,5,1,57,2,0
"460",41,2,"B23",7,2,1,38,2,0
"461",41,2,"B24",11,2,1,57,2,0
"463",29,3,"C4",4,2,1,48,1,0
"464",29,1,"A26",2,3,1,38,2,0
"465",29,1,"A30",6,4,1,38,2,0
"466",29,1,"A33",1,5,1,38,2,0
"467",29,1,"A38",6,1,1,62,3,0
"468",29,1,"A39",4,1,1,38,3,0
"469",29,4,"P8",2,3,1,28,1,0
"471",29,4,"P19",2,1,1,48,2,0
"475",29,4,"P39",14,1,1,43,3,0
"479",29,4,"P80",7,3,1,28,5,0
"480",29,4,"P78",14,2,2,48,5,0
"481",29,4,"P76",2,2,2,43,5,0
"485",29,1,"A40",4,2,2,38,3,0
"488",29,2,"B11",2,4,1,43,1,0
"493",29,2,"B5",14,2,2,52,1,0
"494",9,3,"C25",2,3,1,33,2,0
"499",29,4,"P3",2,1,1,48,1,0
"501",29,4,"P7",4,3,2,28,1,0
"502",29,4,"P14",2,5,2,38,1,0
"504",29,4,"P18",2,6,1,28,1,0
"505",29,4,"P35",4,6,1,28,2,0
"508",29,3,"C6",6,2,1,33,1,0
"516",29,2,"B16",12,6,1,52,1,0
"522",29,2,"B13",12,5,2,62,1,0
"524",29,3,"C12",14,4,1,43,1,0
"526",29,3,"C42",7,2,1,28,3,0
"534",29,3,"C18",9,6,1,48,1,0
"538",9,2,"B25",6,3,1,38,2,0
"539",9,2,"B22",2,2,1,67,2,0
"541",24,3,"C10",9,4,2,28,1,0
"542",24,3,"C14",9,5,1,23,1,0
"543",24,3,"C30",2,4,2,28,2,0
"544",24,3,"C50",9,5,2,20,3,0
"546",24,1,"A26",2,3,1,38,2,0
"547",24,1,"A32",2,5,1,38,2,0
"548",24,1,"A42",6,2,1,28,3,0
"553",24,2,"B19",13,1,1,38,2,0
"556",41,1,"A5",3,2,1,43,1,0
"557",41,1,"A8",3,3,1,62,1,0
"558",41,1,"A15",14,5,2,33,1,0
"559",41,4,"P1",3,1,1,38,1,0
"563",29,3,"C2",12,1,1,43,1,0
"565",29,3,"C9",6,3,1,48,1,0
"566",29,3,"C35",9,6,1,50,2,0
"570",29,3,"C8",2,3,2,48,1,0
"576",29,4,"P5",3,2,1,23,1,0
"579",29,1,"A42",6,2,1,28,3,0
"583",29,4,"P70",6,6,2,38,4,0
"587",29,2,"B2",3,1,2,57,1,0
"588",9,3,"C58",14,2,2,48,4,0
"589",9,3,"C55",13,1,1,48,4,0
"590",9,2,"B8",4,3,2,52,1,0
"593",9,3,"C56",6,1,2,57,4,0
"595",21,4,"P6",2,2,1,43,1,0
"596",21,3,"C1",4,1,2,28,1,0
"598",29,4,"P36",2,6,1,43,2,0
"600",29,2,"B14",2,5,1,62,1,0
"643",29,3,"C50",9,5,2,20,3,0
"647",29,4,"P9",4,3,2,23,1,0
"652",29,4,"P26",4,3,1,43,2,0
"656",29,4,"P52",11,6,2,23,3,0
"660",29,4,"P64",12,4,2,28,4,0
"678",29,4,"P37",2,1,1,43,3,0
"679",29,4,"P69",9,5,1,43,4,0
"683",29,2,"B25",6,3,1,38,2,0
"690",24,2,"B28",9,4,1,38,2,0
"693",24,2,"B26",13,3,1,57,2,0
"696",24,3,"C13",9,5,1,48,1,0
"697",24,3,"C18",9,6,1,48,1,0
"698",24,1,"A1",8,1,1,28,1,0
"700",24,1,"A24",2,2,1,48,2,0
"702",9,1,"A30",6,4,1,38,2,0
"704",9,1,"A37",2,1,1,62,3,0
"708",9,2,"B12",2,4,1,38,1,0
"718",9,1,"A21",1,1,1,62,2,0
"719",9,1,"A33",1,5,1,38,2,0
"720",9,1,"A22",4,2,1,62,2,0
"730",29,3,"C41",13,2,1,28,3,0
"739",29,4,"P13",4,5,1,38,1,0
"748",29,1,"A31",6,5,2,62,2,0
"759",29,1,"A37",2,1,1,62,3,0
"772",29,2,"B20",8,1,1,43,2,0
"774",29,2,"B22",2,2,1,67,2,0
"783",29,2,"B33",6,5,2,33,2,0
"790",29,3,"C16",13,6,1,28,1,0
"804",29,4,"P46",14,4,1,28,3,0
"816",29,3,"C10",9,4,2,28,1,0
"822",29,3,"C48",6,4,1,28,3,0
"840",29,4,"P81",4,3,2,43,5,0
"842",29,1,"A28",1,4,2,43,2,0
"863",29,3,"C54",14,6,1,57,3,0
"884",29,3,"C58",14,2,2,48,4,0
"924",29,3,"C3",6,1,2,23,1,0
"947",29,4,"P38",9,1,1,33,3,0
"950",29,4,"P47",14,4,1,28,3,0
"951",29,4,"P44",11,3,2,28,3,0
"953",29,4,"P59",2,2,2,38,4,0
"962",29,4,"P65",9,4,2,43,4,0
"967",29,3,"C38",13,1,1,38,3,0
"984",44,3,"C1",4,1,2,28,1,0
"985",44,3,"C5",11,2,1,48,1,0
"986",44,3,"C8",2,3,2,48,1,0
"987",44,3,"C10",9,4,2,28,1,0
"988",44,3,"C17",14,6,1,48,1,0
"989",34,3,"C12",14,4,1,43,1,0
"990",34,3,"C44",14,3,1,55,3,0
"992",34,3,"C45",11,3,1,55,3,0
"993",34,3,"C21",14,1,1,57,2,0
"994",34,3,"C33",14,5,1,48,2,0
"996",34,4,"P15",4,5,2,38,1,0
"998",34,3,"C54",14,6,1,57,3,0
"1000",34,3,"C59",5,2,2,52,4,0
"1001",34,3,"C47",13,4,2,18,3,0
"1002",34,3,"C38",13,1,1,38,3,0
"1005",34,3,"C1",4,1,2,28,1,0
"1006",34,3,"C4",4,2,1,48,1,0
"1007",34,3,"C26",14,3,1,28,2,0
"1009",34,3,"C20",13,1,2,48,2,0
"1011",34,3,"C27",11,3,1,48,2,0
"1016",34,3,"C50",9,5,2,20,3,0
"1020",34,3,"C28",2,4,2,48,2,0
"1021",34,3,"C43",6,3,2,28,3,0
"1022",34,4,"P23",6,2,2,28,2,0
"1023",34,4,"P19",2,1,1,48,2,0
"1024",34,4,"P39",14,1,1,43,3,0
"1025",34,4,"P42",6,2,2,28,3,0
"1026",34,4,"P44",11,3,2,28,3,0
"1027",34,4,"P49",14,5,1,33,3,0
"1028",34,4,"P60",14,2,1,28,4,0
"1029",34,4,"P58",9,2,2,38,4,0
"1031",34,4,"P6",2,2,1,43,1,0
"1033",34,4,"P37",2,1,1,43,3,0
"1034",34,4,"P46",14,4,1,28,3,0
"1035",34,4,"P48",9,4,2,33,3,0
"1036",34,4,"P67",9,5,1,38,4,0
"1037",34,4,"P70",6,6,2,38,4,0
"1096",29,4,"P21",4,1,1,33,2,0
"1111",29,2,"B6",2,2,1,52,1,0
"1115",29,3,"C36",14,6,1,43,2,0
"1116",29,3,"C21",14,1,1,57,2,0
"1117",29,3,"C40",14,2,2,28,3,0
"1118",29,3,"C44",14,3,1,55,3,0
"1125",29,4,"P72",14,6,1,33,4,0
"1126",29,4,"P73",11,1,2,33,5,0
"1163",29,1,"A19",12,1,2,33,2,0
"1165",29,1,"A34",2,6,1,38,2,0
"1173",29,3,"C24",12,2,1,33,2,0
"1174",29,3,"C25",2,3,1,33,2,0
"1175",29,3,"C30",2,4,2,28,2,0
"1177",29,3,"C37",2,1,1,43,3,0
"1180",29,3,"C43",6,3,2,28,3,0
"1181",29,3,"C45",11,3,1,55,3,0
"1186",29,3,"C51",6,5,1,20,3,0
"1195",29,4,"P40",4,2,1,43,3,0
"1196",29,4,"P41",9,2,2,43,3,0
"1204",29,3,"C29",6,4,2,52,2,0
"1211",29,4,"P71",2,6,2,33,4,0
"1214",29,3,"C52",2,6,1,38,3,0
"1231",29,1,"A32",2,5,1,38,2,0
"1268",29,3,"C32",2,5,1,33,2,0
"1275",29,3,"C33",14,5,1,48,2,0
"1276",29,3,"C27",11,3,1,48,2,0
"1297",29,3,"C59",5,2,2,52,4,0
"1324",9,2,"B7",6,3,1,38,1,0
"1358",29,3,"C23",3,2,1,43,2,0
"1359",29,3,"C34",7,6,1,48,2,0
"1427",29,1,"A27",3,3,1,55,2,0
"1433",29,3,"C28",2,4,2,48,2,0
"1459",29,4,"P51",9,5,1,28,3,0
"1497",29,3,"C47",13,4,2,18,3,0
"1501",29,3,"C20",13,1,2,48,2,0
"1550",44,3,"C11",7,4,1,33,1,0
"1664",29,4,"P74",12,1,2,33,5,0
"1736",28,1,"A12",2,4,1,38,1,0
"1737",28,1,"A6",3,2,1,43,1,0
"1738",28,1,"A10",3,4,1,38,1,0
"1739",28,1,"A11",3,4,1,62,1,0
"1740",28,1,"A9",3,3,1,82,1,0
"1742",28,3,"C5",11,2,1,48,1,0
"1743",28,4,"P15",4,5,2,38,1,0
"1744",28,4,"P3",2,1,1,48,1,0
"1745",28,4,"P1",3,1,1,38,1,0
"1766",9,1,"A35",14,6,2,33,2,0
"1771",9,3,"C41",13,2,1,28,3,0
"1826",29,1,"A22",4,2,1,62,2,0
"1836",29,4,"P68",2,5,2,43,4,0
"1837",29,4,"P75",7,1,1,33,5,0
"2068",29,1,"A25",1,3,1,38,2,0
"2070",29,1,"A29",2,4,1,60,2,0
"2176",9,1,"A18",4,6,1,38,1,0
"2177",9,1,"A39",4,1,1,38,3,0
"2181",9,3,"C10",9,4,2,28,1,0
"2196",46,4,"P12",4,4,1,33,1,0
"2197",46,4,"P15",4,5,2,38,1,0
"2198",46,3,"C2",12,1,1,43,1,0
"2200",44,1,"A16",1,6,1,33,1,0
"2201",44,1,"A17",2,6,1,62,1,0
"2202",44,1,"A18",4,6,1,38,1,0
"2203",44,1,"A11",3,4,1,62,1,0
"2205",44,3,"C18",9,6,1,48,1,0
"2206",44,4,"P3",2,1,1,48,1,0
"2207",44,4,"P11",4,4,2,38,1,0
"2208",44,4,"P12",4,4,1,33,1,0
"2209",44,4,"P23",6,2,2,28,2,0
"2210",44,4,"P81",4,3,2,43,5,0
"2211",44,4,"P10",4,4,2,65,1,0
"2212",44,4,"P9",4,3,2,23,1,0
"2218",29,1,"A20",2,1,2,38,2,0
"2239",29,3,"C55",13,1,1,48,4,0
"2248",29,4,"P27",6,3,2,33,2,0
"2252",29,4,"P58",9,2,2,38,4,0
"2368",9,1,"A40",4,2,2,38,3,0
"2381",9,2,"B11",2,4,1,43,1,0
"2437",9,3,"C24",12,2,1,33,2,0
"2438",9,3,"C33",14,5,1,48,2,0
"2467",44,1,"A2",3,1,1,43,1,0
"2469",44,3,"C2",12,1,1,43,1,0
"2470",44,2,"B17",6,6,2,38,1,0
"2471",44,4,"P6",2,2,1,43,1,0
"2608",15,1,"A4",3,2,2,38,1,0
"2609",15,2,"B10",2,4,1,67,1,0
"2616",9,3,"C12",14,4,1,43,1,0
"2628",24,2,"B29",2,4,1,62,2,0
"2630",24,3,"C28",2,4,2,48,2,0
"2632",24,3,"C8",2,3,2,48,1,0
"2634",24,2,"B6",2,2,1,52,1,0
"2638",24,2,"B34",2,6,1,48,2,0
"2640",24,3,"C25",2,3,1,33,2,0
"2643",24,3,"C39",6,1,1,77,3,0
"2644",24,3,"C48",6,4,1,28,3,0
"2645",24,3,"C46",2,4,1,48,3,0
"2646",24,3,"C52",2,6,1,38,3,0
"2647",24,3,"C57",5,1,2,33,4,0
"2648",24,1,"A33",1,5,1,38,2,0
"2679",24,2,"B16",12,6,1,52,1,0
"2680",24,2,"B23",7,2,1,38,2,0
"2684",24,1,"A17",2,6,1,62,1,0
"2689",24,2,"B31",9,5,1,57,2,0
"2692",24,3,"C37",2,1,1,43,3,0
"2704",24,3,"C5",11,2,1,48,1,0
"2705",24,3,"C7",13,3,1,48,1,0
"2719",46,2,"B2",3,1,2,57,1,0
"2721",46,2,"B5",14,2,2,52,1,0
"2722",46,3,"C1",4,1,2,28,1,0
"2723",46,1,"A2",3,1,1,43,1,0
"2724",46,1,"A12",2,4,1,38,1,0
"2725",46,2,"B6",2,2,1,52,1,0
"2726",46,1,"A17",2,6,1,62,1,0
"2727",46,3,"C5",11,2,1,48,1,0
"2730",9,2,"B29",2,4,1,62,2,0
"2731",9,3,"C32",2,5,1,33,2,0
"2734",9,1,"A26",2,3,1,38,2,0
"2749",9,1,"A24",2,2,1,48,2,0
"2750",9,1,"A27",3,3,1,55,2,0
"2752",9,1,"A29",2,4,1,60,2,0
"2810",29,4,"P77",7,2,1,43,5,0
"2861",9,3,"C45",11,3,1,55,3,0
"2863",9,3,"C30",2,4,2,28,2,0
"2866",46,1,"A3",3,1,1,72,1,0
"2867",46,1,"A5",3,2,1,43,1,0
"2868",46,1,"A7",3,3,1,43,1,0
"2869",46,1,"A8",3,3,1,62,1,0
"2870",46,1,"A10",3,4,1,38,1,0
"2871",46,3,"C6",6,2,1,33,1,0
"2872",46,3,"C12",14,4,1,43,1,0
"2873",46,3,"C33",14,5,1,48,2,0
"2874",46,3,"C42",7,2,1,28,3,0
"2883",16,1,"A5",3,2,1,43,1,0
"2884",16,1,"A8",3,3,1,62,1,0
"2885",16,1,"A6",3,2,1,43,1,0
"2886",16,1,"A7",3,3,1,43,1,0
"2887",16,1,"A3",3,1,1,72,1,0
"2888",16,1,"A10",3,4,1,38,1,0
"2892",46,2,"B12",2,4,1,38,1,0
"2893",46,2,"B14",2,5,1,62,1,0
"2907",44,1,"A12",2,4,1,38,1,0
"2942",9,3,"C35",9,6,1,50,2,0
"2950",9,2,"B5",14,2,2,52,1,0
"2957",9,1,"A14",3,5,1,60,1,0
"2968",9,3,"C48",6,4,1,28,3,0
"3061",28,4,"P23",6,2,2,28,2,0
"3062",28,4,"P50",6,5,2,33,3,0
"3063",28,1,"A8",3,3,1,62,1,0
"3082",9,1,"A28",1,4,2,43,2,0
"3100",9,2,"B31",9,5,1,57,2,0
"3101",9,2,"B30",9,4,1,57,2,0
"3105",29,4,"P24",6,2,1,43,2,0
"3141",44,2,"B1",4,1,1,57,1,0
"3142",44,2,"B2",3,1,2,57,1,0
"3143",44,4,"P19",2,1,1,48,2,0
"3178",9,3,"C26",14,3,1,28,2,0
"3235",9,3,"C4",4,2,1,48,1,0
"3248",9,3,"C29",6,4,2,52,2,0
"3252",9,3,"C46",2,4,1,48,3,0
"3297",46,1,"A9",3,3,1,82,1,0
"3330",9,3,"C22",11,2,2,43,2,0
"3357",24,3,"C3",6,1,2,23,1,0
"3358",24,3,"C59",5,2,2,52,4,0
"3363",24,3,"C32",2,5,1,33,2,0
"3366",24,2,"B2",3,1,2,57,1,0
"3400",29,1,"A43",2,3,1,62,3,0
"3415",9,2,"B34",2,6,1,48,2,0
"3421",24,1,"A22",4,2,1,62,2,0
"3423",24,1,"A38",6,1,1,62,3,0
"3424",24,1,"A39",4,1,1,38,3,0
"3428",10,3,"C29",6,4,2,52,2,0
"3429",10,3,"C50",9,5,2,20,3,0
"3430",10,3,"C54",14,6,1,57,3,0
"3431",10,3,"C40",14,2,2,28,3,0
"3432",10,1,"A4",3,2,2,38,1,0
"3433",10,1,"A16",1,6,1,33,1,0
"3434",10,1,"A33",1,5,1,38,2,0
"3435",10,1,"A42",6,2,1,28,3,0
"3436",10,2,"B4",10,2,1,52,1,0
"3437",10,2,"B23",7,2,1,38,2,0
"3443",46,1,"A15",14,5,2,33,1,0
"3532",41,1,"A3",3,1,1,72,1,0
"3533",41,4,"P15",4,5,2,38,1,0
"3544",24,2,"B8",4,3,2,52,1,0
"3563",9,1,"A38",6,1,1,62,3,0
"3566",9,3,"C16",13,6,1,28,1,0
"3579",29,4,"P31",2,5,2,33,2,0
"3679",9,1,"A25",1,3,1,38,2,0
"3714",9,3,"C23",3,2,1,43,2,0
"3740",27,2,"B15",9,5,1,38,1,0
"3741",27,2,"B10",2,4,1,67,1,0
"3742",27,2,"B17",6,6,2,38,1,0
"3743",27,2,"B13",12,5,2,62,1,0
"3744",27,3,"C10",9,4,2,28,1,0
"3745",27,3,"C8",2,3,2,48,1,0
"3746",27,3,"C9",6,3,1,48,1,0
"3747",27,3,"C30",2,4,2,28,2,0
"3748",27,3,"C21",14,1,1,57,2,0
"3749",27,3,"C35",9,6,1,50,2,0
"3750",27,2,"B4",10,2,1,52,1,0
"3751",27,2,"B3",12,1,1,52,1,0
"3752",27,3,"C53",14,6,1,38,3,0
"3753",27,3,"C49",4,5,2,26,3,0
"3754",27,3,"C46",2,4,1,48,3,0
"3755",27,3,"C40",14,2,2,28,3,0
"3756",27,3,"C37",2,1,1,43,3,0
"3757",27,3,"C55",13,1,1,48,4,0
"3758",27,3,"C48",6,4,1,28,3,0
"3759",27,4,"P15",4,5,2,38,1,0
"3760",27,4,"P33",9,5,1,43,2,0
"3761",27,4,"P19",2,1,1,48,2,0
"3762",27,4,"P48",9,4,2,33,3,0
"3763",27,4,"P37",2,1,1,43,3,0
"3764",27,4,"P46",14,4,1,28,3,0
"3776",29,3,"C39",6,1,1,77,3,0
"3812",24,1,"A31",6,5,2,62,2,0
"3813",24,1,"A37",2,1,1,62,3,0
"3819",24,4,"P6",2,2,1,43,1,0
"3821",24,2,"B17",6,6,2,38,1,0
"3829",24,3,"C12",14,4,1,43,1,0
"3843",7,3,"C14",9,5,1,23,1,0
"3844",7,3,"C2",12,1,1,43,1,0
"3845",7,3,"C30",2,4,2,28,2,0
"3846",7,3,"C53",14,6,1,38,3,0
"3847",7,2,"B1",4,1,1,57,1,0
"3848",7,2,"B28",9,4,1,38,2,0
"3849",7,1,"A15",14,5,2,33,1,0
"3858",24,3,"C26",14,3,1,28,2,0
"3859",24,3,"C34",7,6,1,48,2,0
"3861",24,3,"C38",13,1,1,38,3,0
"3957",24,1,"A29",2,4,1,60,2,0
"3970",21,4,"P14",2,5,2,38,1,0
"3971",21,4,"P1",3,1,1,38,1,0
"3972",21,4,"P16",7,6,1,33,1,0
"3973",21,4,"P39",14,1,1,43,3,0
"3974",21,4,"P48",9,4,2,33,3,0
"3975",21,4,"P51",9,5,1,28,3,0
"3977",21,4,"P37",2,1,1,43,3,0
"3978",21,4,"P38",9,1,1,33,3,0
"3979",21,4,"P44",11,3,2,28,3,0
"3980",21,4,"P52",11,6,2,23,3,0
"3981",21,4,"P47",14,4,1,28,3,0
"3982",21,4,"P65",9,4,2,43,4,0
"3983",21,4,"P60",14,2,1,28,4,0
"3984",21,4,"P55",14,1,2,33,4,0
"3985",21,4,"P70",6,6,2,38,4,0
"3986",21,4,"P81",4,3,2,43,5,0
"4005",21,1,"A8",3,3,1,62,1,0
"4006",21,1,"A12",2,4,1,38,1,0
"4007",21,1,"A7",3,3,1,43,1,0
"4011",21,3,"C9",6,3,1,48,1,0
"4062",10,1,"A5",3,2,1,43,1,0
"4063",10,1,"A2",3,1,1,43,1,0
"4064",10,1,"A12",2,4,1,38,1,0
"4065",10,1,"A8",3,3,1,62,1,0
"4066",10,1,"A3",3,1,1,72,1,0
"4067",10,1,"A6",3,2,1,43,1,0
"4071",41,2,"B11",2,4,1,43,1,0
"4072",41,4,"P23",6,2,2,28,2,0
"4100",9,4,"P5",3,2,1,23,1,0
"4405",29,4,"P53",2,6,2,38,3,0
"4528",38,4,"P14",2,5,2,38,1,0
"4529",38,4,"P15",4,5,2,38,1,0
"4530",38,4,"P17",2,6,2,38,1,0
"4531",38,4,"P29",5,4,2,33,2,0
"4532",38,4,"P77",7,2,1,43,5,0
"4535",34,3,"C13",9,5,1,48,1,0
"4536",34,3,"C25",2,3,1,33,2,0
"4537",34,3,"C30",2,4,2,28,2,0
"4538",34,3,"C35",9,6,1,50,2,0
"4542",34,3,"C5",11,2,1,48,1,0
"4555",34,3,"C10",9,4,2,28,1,0
"4557",34,3,"C18",9,6,1,48,1,0
"4559",34,3,"C29",6,4,2,52,2,0
"4562",34,3,"C36",14,6,1,43,2,0
"4565",34,2,"B19",13,1,1,38,2,0
"4566",34,2,"B30",9,4,1,57,2,0
"4582",34,1,"A11",3,4,1,62,1,0
"5027",44,3,"C46",2,4,1,48,3,0
"5154",9,3,"C27",11,3,1,48,2,0
"5156",9,3,"C38",13,1,1,38,3,0
"5161",9,3,"C59",5,2,2,52,4,0
"5174",25,1,"A35",14,6,2,33,2,0
"5192",16,1,"A2",3,1,1,43,1,0
"5196",16,1,"A15",14,5,2,33,1,0
"5197",16,2,"B10",2,4,1,67,1,0
"5198",16,4,"P17",2,6,2,38,1,0
"5199",16,4,"P1",3,1,1,38,1,0
"5346",9,4,"P34",9,6,2,48,2,0
"5401",9,3,"C54",14,6,1,57,3,0
"5444",9,1,"A43",2,3,1,62,3,0
"5446",46,3,"C18",9,6,1,48,1,0
"5447",46,3,"C23",3,2,1,43,2,0
"5448",46,1,"A13",1,5,1,28,1,0
"5523",44,4,"P4",4,2,1,38,1,0
"5534",44,3,"C19",12,1,1,48,2,0
"5535",44,3,"C31",12,5,1,33,2,0
"5536",44,3,"C59",5,2,2,52,4,0
"5538",44,2,"B4",10,2,1,52,1,0
"5539",44,2,"B10",2,4,1,67,1,0
"5550",44,2,"B13",12,5,2,62,1,0
"5551",44,2,"B15",9,5,1,38,1,0
"5552",44,2,"B25",6,3,1,38,2,0
"5553",44,2,"B26",13,3,1,57,2,0
"5554",44,2,"B27",2,3,1,57,2,0
"5556",44,2,"B24",11,2,1,57,2,0
"5559",44,2,"B32",6,5,1,38,2,0
"5560",44,2,"B31",9,5,1,57,2,0
"5561",44,2,"B19",13,1,1,38,2,0
"5563",44,1,"A8",3,3,1,62,1,0
"5565",44,3,"C13",9,5,1,48,1,0
"5568",44,1,"A9",3,3,1,82,1,0
"5698",46,1,"A18",4,6,1,38,1,0
"5699",46,3,"C7",13,3,1,48,1,0
"5700",46,1,"A22",4,2,1,62,2,0
"5701",46,1,"A21",1,1,1,62,2,0
"5708",29,4,"P45",9,3,1,33,3,0
"5931",16,2,"B23",7,2,1,38,2,0
"5932",46,3,"C46",2,4,1,48,3,0
"5933",46,2,"B4",10,2,1,52,1,0
"6237",9,3,"C6",6,2,1,33,1,0
"6241",44,4,"P16",7,6,1,33,1,0
"6242",44,4,"P18",2,6,1,28,1,0
"6244",44,4,"P8",2,3,1,28,1,0
"6246",44,4,"P1",3,1,1,38,1,0
"6247",44,3,"C34",7,6,1,48,2,0
"6248",44,3,"C51",6,5,1,20,3,0
"6309",9,4,"P43",7,3,2,38,3,0
"6310",9,4,"P71",2,6,2,33,4,0
"6330",9,2,"B28",9,4,1,38,2,0
"6344",9,3,"C20",13,1,2,48,2,0
"6345",9,3,"C31",12,5,1,33,2,0
"6412",34,1,"A2",3,1,1,43,1,0
"6428",24,1,"A3",3,1,1,72,1,0
"6544",44,3,"C44",14,3,1,55,3,0
"6545",44,3,"C45",11,3,1,55,3,0
"6546",44,4,"P13",4,5,1,38,1,0
"6548",44,2,"B5",14,2,2,52,1,0
"6551",44,1,"A26",2,3,1,38,2,0
"6552",44,1,"A3",3,1,1,72,1,0
"6553",44,3,"C26",14,3,1,28,2,0
"6554",44,4,"P49",14,5,1,33,3,0
"6556",44,2,"B23",7,2,1,38,2,0
"6557",44,1,"A1",8,1,1,28,1,0
"6559",44,1,"A13",1,5,1,28,1,0
"6560",44,1,"A19",12,1,2,33,2,0
"6661",16,1,"A9",3,3,1,82,1,0
"6663",16,3,"C9",6,3,1,48,1,0
"6664",16,3,"C7",13,3,1,48,1,0
"6665",16,4,"P11",4,4,2,38,1,0
"6666",16,4,"P3",2,1,1,48,1,0
"6667",16,4,"P23",6,2,2,28,2,0
"6668",16,4,"P39",14,1,1,43,3,0
"6669",16,4,"P43",7,3,2,38,3,0
"6670",16,2,"B3",12,1,1,52,1,0
"6671",16,2,"B2",3,1,2,57,1,0
"6762",9,2,"B21",12,1,1,67,2,0
"6834",41,3,"C10",9,4,2,28,1,0
"6856",9,4,"P18",2,6,1,28,1,0
"6982",21,4,"P33",9,5,1,43,2,0
"6984",21,4,"P82",6,4,2,48,5,0
"6987",21,3,"C57",5,1,2,33,4,0
"7294",20,2,"B24",11,2,1,57,2,0
"7384",46,1,"A4",3,2,2,38,1,0
"7385",46,1,"A11",3,4,1,62,1,0
"7387",46,4,"P5",3,2,1,23,1,0
"7388",46,4,"P16",7,6,1,33,1,0
"7389",46,4,"P1",3,1,1,38,1,0
"7390",46,4,"P6",2,2,1,43,1,0
"7391",46,4,"P8",2,3,1,28,1,0
"7588",24,4,"P7",4,3,2,28,1,0
"7595",24,3,"C11",7,4,1,33,1,0
"7886",46,3,"C3",6,1,2,23,1,0
"7932",46,4,"P24",6,2,1,43,2,0
"7933",46,2,"B17",6,6,2,38,1,0
"7934",46,2,"B11",2,4,1,43,1,0
"7935",46,2,"B8",4,3,2,52,1,0
"8154",46,3,"C4",4,2,1,48,1,0
"8156",46,2,"B7",6,3,1,38,1,0
"8159",46,2,"B1",4,1,1,57,1,0
"8178",46,3,"C45",11,3,1,55,3,0
"8179",46,3,"C41",13,2,1,28,3,0
"8180",46,4,"P46",14,4,1,28,3,0
"8182",46,2,"B13",12,5,2,62,1,0
"8183",46,2,"B26",13,3,1,57,2,0
"8184",46,2,"B31",9,5,1,57,2,0
"8193",9,4,"P15",4,5,2,38,1,0
"8214",9,4,"P39",14,1,1,43,3,0
"8303",46,3,"C24",12,2,1,33,2,0
"8309",46,4,"P43",7,3,2,38,3,0
"8310",46,4,"P45",9,3,1,33,3,0
"8311",46,4,"P50",6,5,2,33,3,0
"8312",46,2,"B21",12,1,1,67,2,0
"8313",46,2,"B23",7,2,1,38,2,0
"8314",46,2,"B24",11,2,1,57,2,0
"8315",46,4,"P70",6,6,2,38,4,0
"8316",46,4,"P67",9,5,1,38,4,0
"8317",46,4,"P75",7,1,1,33,5,0
"8318",46,4,"P56",2,1,1,33,4,0
"8356",27,4,"P6",2,2,1,43,1,0
"8357",27,3,"C57",5,1,2,33,4,0
"8362",27,4,"P4",4,2,1,38,1,0
"8363",27,4,"P2",3,1,1,28,1,0
"8364",27,4,"P13",4,5,1,38,1,0
"8366",27,4,"P8",2,3,1,28,1,0
"8367",27,3,"C14",9,5,1,23,1,0
"8369",27,3,"C38",13,1,1,38,3,0
"8370",27,3,"C39",6,1,1,77,3,0
"8373",27,3,"C19",12,1,1,48,2,0
"8376",27,1,"A9",3,3,1,82,1,0
"8377",27,1,"A17",2,6,1,62,1,0
"8378",27,1,"A34",2,6,1,38,2,0
"8379",27,1,"A42",6,2,1,28,3,0
"8380",27,1,"A41",4,2,1,43,3,0
"8381",27,1,"A39",4,1,1,38,3,0
"8382",27,1,"A21",1,1,1,62,2,0
"8383",27,1,"A32",2,5,1,38,2,0
"8584",9,1,"A23",6,2,2,33,2,0
"8722",27,3,"C5",11,2,1,48,1,0
"8723",27,2,"B16",12,6,1,52,1,0
"9152",34,3,"C14",9,5,1,23,1,0
"9156",34,3,"C19",12,1,1,48,2,0
"9157",34,3,"C22",11,2,2,43,2,0
"9159",34,3,"C31",12,5,1,33,2,0
"9161",34,3,"C34",7,6,1,48,2,0
"9163",34,3,"C40",14,2,2,28,3,0
"9164",34,3,"C41",13,2,1,28,3,0
"9167",34,3,"C57",5,1,2,33,4,0
"9168",34,3,"C56",6,1,2,57,4,0
"9169",34,3,"C58",14,2,2,48,4,0
"9170",34,2,"B3",12,1,1,52,1,0
"9171",34,2,"B9",1,3,1,48,1,0
"9172",34,2,"B10",2,4,1,67,1,0
"9173",34,2,"B13",12,5,2,62,1,0
"9174",34,2,"B14",2,5,1,62,1,0
"9175",34,2,"B15",9,5,1,38,1,0
"9177",34,2,"B21",12,1,1,67,2,0
"9178",34,2,"B24",11,2,1,57,2,0
"9181",34,2,"B31",9,5,1,57,2,0
"9182",34,2,"B32",6,5,1,38,2,0
"9183",34,2,"B34",2,6,1,48,2,0
"9548",34,1,"A29",2,4,1,60,2,0
"9550",34,1,"A33",1,5,1,38,2,0
"9551",34,1,"A28",1,4,2,43,2,0
"9552",34,1,"A16",1,6,1,33,1,0
"9661",46,3,"C30",2,4,2,28,2,0
"9662",46,3,"C35",9,6,1,50,2,0
"9663",46,3,"C25",2,3,1,33,2,0
"9664",46,3,"C21",14,1,1,57,2,0
"9665",46,3,"C48",6,4,1,28,3,0
"9666",46,3,"C44",14,3,1,55,3,0
"9667",46,3,"C56",6,1,2,57,4,0
"9670",46,4,"P4",4,2,1,38,1,0
"9672",46,4,"P2",3,1,1,28,1,0
"9682",46,1,"A1",8,1,1,28,1,0
"9684",46,3,"C17",14,6,1,48,1,0
"9686",46,2,"B16",12,6,1,52,1,0
"9687",46,2,"B15",9,5,1,38,1,0
"9688",46,2,"B10",2,4,1,67,1,0
"9694",41,2,"B19",13,1,1,38,2,0
"9695",41,2,"B25",6,3,1,38,2,0
"9696",41,2,"B27",2,3,1,57,2,0
"9697",41,1,"A24",2,2,1,48,2,0
"9698",41,1,"A33",1,5,1,38,2,0
"9699",41,3,"C32",2,5,1,33,2,0
"9700",41,3,"C34",7,6,1,48,2,0
"9703",41,3,"C46",2,4,1,48,3,0
"9704",41,3,"C53",14,6,1,38,3,0
"9705",41,3,"C54",14,6,1,57,3,0
"9706",41,3,"C58",14,2,2,48,4,0
"9769",46,3,"C11",7,4,1,33,1,0
"9774",46,4,"P42",6,2,2,28,3,0
"9775",46,1,"A16",1,6,1,33,1,0
"9776",46,3,"C14",9,5,1,23,1,0
"9959",9,3,"C44",14,3,1,55,3,0
"9989",21,4,"P8",2,3,1,28,1,0
"9991",21,4,"P64",12,4,2,28,4,0
"9998",46,1,"A6",3,2,1,43,1,0
"10299",9,3,"C43",6,3,2,28,3,0
"10392",17,4,"P17",2,6,2,38,1,0
"10393",17,4,"P20",7,1,1,23,2,0
"10394",17,2,"B19",13,1,1,38,2,0
"10395",17,3,"C20",13,1,2,48,2,0
"10415",28,1,"A15",14,5,2,33,1,0
"10416",28,2,"B4",10,2,1,52,1,0
"10417",28,2,"B26",13,3,1,57,2,0
"10418",28,2,"B23",7,2,1,38,2,0
"10552",21,3,"C48",6,4,1,28,3,0
"10553",21,3,"C49",4,5,2,26,3,0
"11355",34,2,"B16",12,6,1,52,1,0
"11357",34,2,"B26",13,3,1,57,2,0
"11358",34,3,"C7",13,3,1,48,1,0
"11359",34,3,"C11",7,4,1,33,1,0
"11367",34,3,"C53",14,6,1,38,3,0
"11368",34,1,"A6",3,2,1,43,1,0
"11369",34,1,"A10",3,4,1,38,1,0
"11370",34,1,"A12",2,4,1,38,1,0
"11414",22,3,"C21",14,1,1,57,2,0
"11415",22,3,"C20",13,1,2,48,2,0
"11417",22,3,"C44",14,3,1,55,3,0
"11418",22,1,"A13",1,5,1,28,1,0
"11420",22,3,"C36",14,6,1,43,2,0
"11421",22,4,"P19",2,1,1,48,2,0
"11452",44,1,"A15",14,5,2,33,1,0
"11453",44,1,"A32",2,5,1,38,2,0
"11553",9,4,"P10",4,4,2,65,1,0
"11554",9,4,"P12",4,4,1,33,1,0
"11556",9,4,"P9",4,3,2,23,1,0
"11557",9,4,"P13",4,5,1,38,1,0
"11759",28,4,"P4",4,2,1,38,1,0
"11760",28,4,"P16",7,6,1,33,1,0
"11762",28,4,"P10",4,4,2,65,1,0
"11843",19,1,"A15",14,5,2,33,1,0
"11844",19,4,"P3",2,1,1,48,1,0
"11845",19,4,"P14",2,5,2,38,1,0
"11846",19,4,"P44",11,3,2,28,3,0
"11847",19,4,"P47",14,4,1,28,3,0
"11848",19,4,"P48",9,4,2,33,3,0
"11849",19,4,"P49",14,5,1,33,3,0
"11850",19,4,"P52",11,6,2,23,3,0
"11851",19,4,"P50",6,5,2,33,3,0
"11852",19,4,"P60",14,2,1,28,4,0
"11853",19,4,"P55",14,1,2,33,4,0
"11865",42,3,"C38",13,1,1,38,3,0
"11968",8,3,"C14",9,5,1,23,1,0
"12161",38,3,"C41",13,2,1,28,3,0
"12162",38,3,"C56",6,1,2,57,4,0
"12163",38,3,"C58",14,2,2,48,4,0
"12373",44,1,"A40",4,2,2,38,3,0
"12374",44,3,"C7",13,3,1,48,1,0
"12375",44,3,"C50",9,5,2,20,3,0
"13053",44,3,"C12",14,4,1,43,1,0
"13056",44,3,"C21",14,1,1,57,2,0
"13057",44,3,"C22",11,2,2,43,2,0
"13058",44,3,"C24",12,2,1,33,2,0
"13059",44,3,"C53",14,6,1,38,3,0
"13060",44,3,"C54",14,6,1,57,3,0
"13061",44,3,"C9",6,3,1,48,1,0
"13065",44,4,"P38",9,1,1,33,3,0
"13066",44,4,"P57",4,1,1,43,4,0
"13067",44,4,"P58",9,2,2,38,4,0
"13068",44,4,"P64",12,4,2,28,4,0
"13069",44,2,"B9",1,3,1,48,1,0
"13071",44,1,"A20",2,1,2,38,2,0
"13073",44,1,"A37",2,1,1,62,3,0
"13074",44,1,"A5",3,2,1,43,1,0
"13117",24,2,"B5",14,2,2,52,1,0
"13119",24,3,"C29",6,4,2,52,2,0
"13120",24,3,"C51",6,5,1,20,3,0
"13121",24,3,"C40",14,2,2,28,3,0
"13122",24,3,"C41",13,2,1,28,3,0
"13127",24,2,"B9",1,3,1,48,1,0
"13128",24,4,"P43",7,3,2,38,3,0
"13129",24,4,"P65",9,4,2,43,4,0
"13130",24,4,"P74",12,1,2,33,5,0
"13174",16,1,"A16",1,6,1,33,1,0
"13175",16,1,"A33",1,5,1,38,2,0
"13176",16,1,"A21",1,1,1,62,2,0
"13181",41,2,"B32",6,5,1,38,2,0
"13253",3,1,"A4",3,2,2,38,1,0
"13814",24,4,"P8",2,3,1,28,1,0
"13815",24,4,"P77",7,2,1,43,5,0
"13886",15,1,"A18",4,6,1,38,1,0
"13887",15,1,"A20",2,1,2,38,2,0
"13888",15,1,"A22",4,2,1,62,2,0
"13889",15,1,"A41",4,2,1,43,3,0
"13890",15,1,"A37",2,1,1,62,3,0
"13891",15,2,"B1",4,1,1,57,1,0
"13892",15,3,"C29",6,4,2,52,2,0
"13893",15,3,"C5",11,2,1,48,1,0
"13894",15,3,"C9",6,3,1,48,1,0
"13895",15,4,"P13",4,5,1,38,1,0
"13896",15,4,"P48",9,4,2,33,3,0
"13967",17,2,"B31",9,5,1,57,2,0
"13968",17,2,"B27",2,3,1,57,2,0
"13970",17,2,"B4",10,2,1,52,1,0
"14175",10,2,"B10",2,4,1,67,1,0
"14702",46,2,"B19",13,1,1,38,2,0
"14741",46,4,"P7",4,3,2,28,1,0
"14833",41,1,"A2",3,1,1,43,1,0
"14834",41,1,"A21",1,1,1,62,2,0
"14927",24,1,"A20",2,1,2,38,2,0
"14950",10,1,"A1",8,1,1,28,1,0
"14954",10,1,"A9",3,3,1,82,1,0
"15043",24,3,"C24",12,2,1,33,2,0
"15047",24,4,"P9",4,3,2,23,1,0
"15108",41,2,"B26",13,3,1,57,2,0
"15243",24,1,"A23",6,2,2,33,2,0
"15249",24,4,"P15",4,5,2,38,1,0
"15257",24,1,"A7",3,3,1,43,1,0
"15269",24,1,"A40",4,2,2,38,3,0
"15271",17,2,"B32",6,5,1,38,2,0
"15272",17,2,"B21",12,1,1,67,2,0
"15274",17,2,"B17",6,6,2,38,1,0
"15275",17,2,"B1",4,1,1,57,1,0
"15276",17,1,"A10",3,4,1,38,1,0
"15277",17,1,"A6",3,2,1,43,1,0
"15278",17,3,"C17",14,6,1,48,1,0
"15279",17,3,"C12",14,4,1,43,1,0
"15346",24,3,"C31",12,5,1,33,2,0
"15555",15,1,"A19",12,1,2,33,2,0
"15558",15,1,"A17",2,6,1,62,1,0
"15559",15,1,"A33",1,5,1,38,2,0
"15560",15,1,"A27",3,3,1,55,2,0
"15561",15,1,"A29",2,4,1,60,2,0
"15562",15,1,"A30",6,4,1,38,2,0
"15563",15,1,"A25",1,3,1,38,2,0
"15566",15,1,"A15",14,5,2,33,1,0
"15567",15,1,"A16",1,6,1,33,1,0
"15572",15,4,"P2",3,1,1,28,1,0
"15573",15,4,"P43",7,3,2,38,3,0
"15575",15,4,"P75",7,1,1,33,5,0
"15576",15,4,"P70",6,6,2,38,4,0
"15577",15,4,"P10",4,4,2,65,1,0
"15604",44,2,"B7",6,3,1,38,1,0
"15712",24,4,"P1",3,1,1,38,1,0
"15713",24,4,"P4",4,2,1,38,1,0
"15716",24,4,"P21",4,1,1,33,2,0
"15717",24,4,"P20",7,1,1,23,2,0
"15718",24,4,"P29",5,4,2,33,2,0
"15728",24,3,"C42",7,2,1,28,3,0
"15738",24,2,"B7",6,3,1,38,1,0
"15739",24,4,"P17",2,6,2,38,1,0
"15989",9,3,"C28",2,4,2,48,2,0
"16111",44,4,"P39",14,1,1,43,3,0
"16113",44,4,"P50",6,5,2,33,3,0
"16114",44,4,"P60",14,2,1,28,4,0
"16144",46,2,"B3",12,1,1,52,1,0
"16147",46,2,"B9",1,3,1,48,1,0
"16149",46,2,"B34",2,6,1,48,2,0
"16151",46,1,"A28",1,4,2,43,2,0
"16152",46,1,"A30",6,4,1,38,2,0
"16153",46,1,"A31",6,5,2,62,2,0
"16154",46,1,"A27",3,3,1,55,2,0
"16155",46,1,"A25",1,3,1,38,2,0
"16156",46,1,"A41",4,2,1,43,3,0
"16157",46,3,"C15",6,5,1,33,1,0
"16161",46,3,"C26",14,3,1,28,2,0
"16162",46,3,"C22",11,2,2,43,2,0
"16163",46,3,"C54",14,6,1,57,3,0
"16164",46,3,"C49",4,5,2,26,3,0
"16168",46,1,"A14",3,5,1,60,1,0
"16171",44,2,"B12",2,4,1,38,1,0
"16172",44,2,"B21",12,1,1,67,2,0
"16179",34,2,"B2",3,1,2,57,1,0
"16243",24,1,"A19",12,1,2,33,2,0
"16245",24,1,"A25",1,3,1,38,2,0
"16256",24,1,"A41",4,2,1,43,3,0
"16267",24,3,"C53",14,6,1,38,3,0
"16272",24,4,"P2",3,1,1,28,1,0
"16273",24,4,"P3",2,1,1,48,1,0
"16275",24,4,"P5",3,2,1,23,1,0
"16278",24,4,"P11",4,4,2,38,1,0
"16279",24,4,"P24",6,2,1,43,2,0
"16281",24,4,"P32",3,5,2,43,2,0
"16282",24,4,"P33",9,5,1,43,2,0
"16283",24,4,"P34",9,6,2,48,2,0
"16284",24,4,"P35",4,6,1,28,2,0
"16286",24,4,"P41",9,2,2,43,3,0
"16287",24,4,"P60",14,2,1,28,4,0
"16288",24,4,"P78",14,2,2,48,5,0
"16324",24,1,"A8",3,3,1,62,1,0
"16333",24,4,"P10",4,4,2,65,1,0
"16334",24,4,"P12",4,4,1,33,1,0
"16335",24,4,"P13",4,5,1,38,1,0
"16709",24,3,"C15",6,5,1,33,1,0
"16793",24,4,"P23",6,2,2,28,2,0
"16912",24,4,"P16",7,6,1,33,1,0
"16913",24,4,"P25",2,3,2,43,2,0
"16916",24,4,"P62",12,3,2,33,4,0
"16921",24,4,"P46",14,4,1,28,3,0
"16922",24,4,"P70",6,6,2,38,4,0
"16923",24,4,"P56",2,1,1,33,4,0
"17274",34,2,"B20",8,1,1,43,2,0
"17277",34,2,"B25",6,3,1,38,2,0
"17801",34,1,"A40",4,2,2,38,3,0
"17802",34,1,"A41",4,2,1,43,3,0
"17976",27,4,"P1",3,1,1,38,1,0
"17983",24,4,"P48",9,4,2,33,3,0
"17998",24,3,"C16",13,6,1,28,1,0
"17999",24,3,"C36",14,6,1,43,2,0
"18029",46,1,"A37",2,1,1,62,3,0
"18033",41,2,"B28",9,4,1,38,2,0
"18171",38,3,"C12",14,4,1,43,1,0
"18172",38,3,"C17",14,6,1,48,1,0
"18173",38,3,"C6",6,2,1,33,1,0
"18174",38,3,"C2",12,1,1,43,1,0
"18175",38,3,"C31",12,5,1,33,2,0
"18176",38,3,"C29",6,4,2,52,2,0
"18177",38,3,"C53",14,6,1,38,3,0
"18178",38,2,"B4",10,2,1,52,1,0
"18179",38,2,"B14",2,5,1,62,1,0
"18180",38,1,"A29",2,4,1,60,2,0
"18181",42,3,"C14",9,5,1,23,1,0
"18182",42,1,"A4",3,2,2,38,1,0
"18184",38,1,"A15",14,5,2,33,1,0
"18185",38,1,"A21",1,1,1,62,2,0
"18186",38,1,"A41",4,2,1,43,3,0
"18187",38,4,"P33",9,5,1,43,2,0
"18188",38,2,"B1",4,1,1,57,1,0
"18193",24,4,"P69",9,5,1,43,4,0
"18194",24,4,"P80",7,3,1,28,5,0
"18267",24,4,"P18",2,6,1,28,1,0
"18269",24,4,"P36",2,6,1,43,2,0
"18270",24,4,"P40",4,2,1,43,3,0
"18271",24,4,"P39",14,1,1,43,3,0
"18272",24,4,"P49",14,5,1,33,3,0
"18273",24,4,"P57",4,1,1,43,4,0
"18274",24,4,"P59",2,2,2,38,4,0
"18364",24,4,"P81",4,3,2,43,5,0
"18365",24,4,"P75",7,1,1,33,5,0
"18366",24,4,"P73",11,1,2,33,5,0
"18367",24,4,"P71",2,6,2,33,4,0
"18376",24,1,"A35",14,6,2,33,2,0
"18381",24,4,"P30",4,4,1,33,2,0
"18383",24,4,"P55",14,1,2,33,4,0
"18433",24,4,"P14",2,5,2,38,1,0
"18435",24,4,"P27",6,3,2,33,2,0
"18437",24,4,"P26",4,3,1,43,2,0
"18442",24,4,"P67",9,5,1,38,4,0
"18450",24,4,"P45",9,3,1,33,3,0
"18454",24,4,"P31",2,5,2,33,2,0
"18456",21,2,"B24",11,2,1,57,2,0
"18458",21,4,"P21",4,1,1,33,2,0
"18465",37,2,"B3",12,1,1,52,1,0
"18466",37,2,"B11",2,4,1,43,1,0
"18467",37,2,"B13",12,5,2,62,1,0
"18746",30,4,"P8",2,3,1,28,1,0
"19002",29,2,"A18",4,6,1,38,1,0
"19495",34,1,"A38",6,1,1,62,3,0
"19496",34,1,"A15",14,5,2,33,1,0
"19498",34,3,"C39",6,1,1,77,3,0
"19501",34,1,"A39",4,1,1,38,3,0
"19699",44,3,"C32",2,5,1,33,2,0
"19701",44,3,"C42",7,2,1,28,3,0
"19702",44,3,"C55",13,1,1,48,4,0
"19821",24,3,"C47",13,4,2,18,3,0
"19828",24,4,"P58",9,2,2,38,4,0
"19863",46,4,"P20",7,1,1,23,2,0
"19864",46,4,"P39",14,1,1,43,3,0
"19865",46,4,"P55",14,1,2,33,4,0
"19995",14,3,"C18",9,6,1,48,1,0
"19996",14,1,"A31",6,5,2,62,2,0
"19997",14,1,"A17",2,6,1,62,1,0
"19998",14,1,"A32",2,5,1,38,2,0
"19999",14,1,"A42",6,2,1,28,3,0
"20000",14,2,"B2",3,1,2,57,1,0
"20001",14,3,"C14",9,5,1,23,1,0
"20002",14,2,"B23",7,2,1,38,2,0
"20003",14,2,"B13",12,5,2,62,1,0
"20004",14,2,"B12",2,4,1,38,1,0
"20005",14,3,"C57",5,1,2,33,4,0
"20149",41,3,"C18",9,6,1,48,1,0
"20150",41,1,"A31",6,5,2,62,2,0
"20151",41,1,"A17",2,6,1,62,1,0
"20152",41,1,"A32",2,5,1,38,2,0
"20153",41,1,"A42",6,2,1,28,3,0
"20154",41,2,"B2",3,1,2,57,1,0
"20155",41,3,"C14",9,5,1,23,1,0
"20157",41,2,"B13",12,5,2,62,1,0
"20158",41,2,"B12",2,4,1,38,1,0
"20159",41,3,"C57",5,1,2,33,4,0
"20226",41,2,"B3",12,1,1,52,1,0
"20227",41,1,"A12",2,4,1,38,1,0
"20228",41,3,"C4",4,2,1,48,1,0
"20229",41,3,"C16",13,6,1,28,1,0
"20231",41,3,"C41",13,2,1,28,3,0
"20233",41,4,"P3",2,1,1,48,1,0
"20234",41,4,"P50",6,5,2,33,3,0
"20319",9,2,"B20",8,1,1,43,2,0
"21049",22,1,"A7",3,3,1,43,1,0
"21050",22,1,"A2",3,1,1,43,1,0
"21051",22,1,"A10",3,4,1,38,1,0
"21052",22,1,"A3",3,1,1,72,1,0
"21054",22,1,"A9",3,3,1,82,1,0
"21055",22,1,"A31",6,5,2,62,2,0
"21056",22,1,"A37",2,1,1,62,3,0
"21057",22,1,"A5",3,2,1,43,1,0
"21061",22,1,"A11",3,4,1,62,1,0
"21063",22,1,"A6",3,2,1,43,1,0
"21136",16,4,"P78",14,2,2,48,5,0
"21138",16,3,"C14",9,5,1,23,1,0
"21139",16,4,"P81",4,3,2,43,5,0
"21142",16,4,"P16",7,6,1,33,1,0
"21143",16,4,"P12",4,4,1,33,1,0
"21300",43,2,"B28",9,4,1,38,2,0
"21301",43,1,"A15",14,5,2,33,1,0
"21401",46,2,"B25",6,3,1,38,2,0
"21432",23,3,"C50",9,5,2,20,3,0
"21433",23,4,"P6",2,2,1,43,1,0
"21434",23,4,"P1",3,1,1,38,1,0
"21435",23,4,"P4",4,2,1,38,1,0
"21436",23,3,"C51",6,5,1,20,3,0
"21437",23,3,"C47",13,4,2,18,3,0
"21438",23,3,"C49",4,5,2,26,3,0
"21439",23,1,"A2",3,1,1,43,1,0
"21440",23,1,"A5",3,2,1,43,1,0
"21441",23,1,"A8",3,3,1,62,1,0
"21442",23,1,"A7",3,3,1,43,1,0
"21443",23,1,"A9",3,3,1,82,1,0
"21444",23,1,"A3",3,1,1,72,1,0
"21447",23,1,"A6",3,2,1,43,1,0
"21451",23,1,"A10",3,4,1,38,1,0
"21455",23,1,"A14",3,5,1,60,1,0
"21456",23,1,"A4",3,2,2,38,1,0
"21457",23,1,"A1",8,1,1,28,1,0
"21460",23,3,"C29",6,4,2,52,2,0
"21462",23,2,"B14",2,5,1,62,1,0
"21465",34,3,"C9",6,3,1,48,1,0
"21549",44,4,"P2",3,1,1,28,1,0
"21550",44,2,"B33",6,5,2,33,2,0
"21551",44,1,"A6",3,2,1,43,1,0
"21552",44,1,"A7",3,3,1,43,1,0
"21555",44,4,"P37",2,1,1,43,3,0
"21556",44,2,"B3",12,1,1,52,1,0
"21557",44,1,"A14",3,5,1,60,1,0
"21559",44,1,"A31",6,5,2,62,2,0
"21640",42,1,"A15",14,5,2,33,1,0
"21641",42,1,"A18",4,6,1,38,1,0
"21718",22,2,"B4",10,2,1,52,1,0
"21719",22,2,"B17",6,6,2,38,1,0
"21720",22,2,"B13",12,5,2,62,1,0
"21721",22,2,"B16",12,6,1,52,1,0
"21722",22,2,"B19",13,1,1,38,2,0
"21723",22,2,"B32",6,5,1,38,2,0
"21724",22,3,"C22",11,2,2,43,2,0
"21788",24,4,"P82",6,4,2,48,5,0
"22318",44,2,"B14",2,5,1,62,1,0
"22469",46,3,"C16",13,6,1,28,1,0
"22472",46,1,"A33",1,5,1,38,2,0
"22727",47,1,"A10",3,4,1,38,1,0
"22728",47,1,"A6",3,2,1,43,1,0
"22729",47,1,"A4",3,2,2,38,1,0
"22815",9,4,"P11",4,4,2,38,1,0
"23040",38,3,"C35",9,6,1,50,2,0
"23042",38,3,"C36",14,6,1,43,2,0
"23043",38,3,"C37",2,1,1,43,3,0
"23044",38,3,"C40",14,2,2,28,3,0
"23045",38,1,"A20",2,1,2,38,2,0
"23046",38,1,"A22",4,2,1,62,2,0
"23104",41,1,"A10",3,4,1,38,1,0
"23105",41,3,"C15",6,5,1,33,1,0
"23122",17,2,"B2",3,1,2,57,1,0
"23123",17,1,"A4",3,2,2,38,1,0
"23175",21,1,"A14",3,5,1,60,1,0
"23176",21,1,"A11",3,4,1,62,1,0
"23177",21,1,"A13",1,5,1,28,1,0
"23198",24,3,"C20",13,1,2,48,2,0
"23200",24,3,"C22",11,2,2,43,2,0
"23546",29,4,"P54",14,1,2,33,4,0
"23618",15,2,"B12",2,4,1,38,1,0
"23622",15,2,"B28",9,4,1,38,2,0
"23708",46,4,"P17",2,6,2,38,1,0
"23757",24,2,"B25",6,3,1,38,2,0
"23941",46,2,"B30",9,4,1,57,2,0
"24036",27,1,"A4",3,2,2,38,1,0
"24037",27,1,"A2",3,1,1,43,1,0
"24038",27,1,"A11",3,4,1,62,1,0
"24039",27,1,"A31",6,5,2,62,2,0
"24040",27,1,"A20",2,1,2,38,2,0
"24041",27,1,"A19",12,1,2,33,2,0
"24043",27,1,"A28",1,4,2,43,2,0
"24044",27,1,"A1",8,1,1,28,1,0
"24045",27,1,"A43",2,3,1,62,3,0
"24048",27,4,"P10",4,4,2,65,1,0
"24049",27,4,"P7",4,3,2,28,1,0
"24050",27,4,"P25",2,3,2,43,2,0
"24051",27,4,"P34",9,6,2,48,2,0
"24052",27,4,"P30",4,4,1,33,2,0
"24054",27,4,"P40",4,2,1,43,3,0
"24055",27,4,"P41",9,2,2,43,3,0
"24056",27,4,"P71",2,6,2,33,4,0
"24057",27,4,"P60",14,2,1,28,4,0
"24058",27,4,"P72",14,6,1,33,4,0
"24059",27,4,"P68",2,5,2,43,4,0
"24062",27,3,"C54",14,6,1,57,3,0
"24063",27,2,"B11",2,4,1,43,1,0
"24065",34,1,"A19",12,1,2,33,2,0
"24082",24,4,"P53",2,6,2,38,3,0
"24130",24,4,"P37",2,1,1,43,3,0
"24131",24,4,"P38",9,1,1,33,3,0
"24184",36,2,"B8",4,3,2,52,1,0
"24185",36,2,"B1",4,1,1,57,1,0
"24382",24,4,"P63",14,3,2,28,4,0
"24520",34,1,"A31",6,5,2,62,2,0
"24893",44,1,"A4",3,2,2,38,1,0
"25359",34,1,"A22",4,2,1,62,2,0
"25361",34,2,"B6",2,2,1,52,1,0
"25364",34,1,"A42",6,2,1,28,3,0
"25366",34,1,"A9",3,3,1,82,1,0
"25371",44,2,"B16",12,6,1,52,1,0
"25509",16,1,"A11",3,4,1,62,1,0
"25511",16,1,"A4",3,2,2,38,1,0
"25516",16,1,"A31",6,5,2,62,2,0
"25520",16,3,"C36",14,6,1,43,2,0
"25692",42,3,"C31",12,5,1,33,2,0
"25693",42,1,"A21",1,1,1,62,2,0
"25694",42,1,"A34",2,6,1,38,2,0
"25695",42,3,"C2",12,1,1,43,1,0
"25696",42,3,"C23",3,2,1,43,2,0
"25697",42,3,"C6",6,2,1,33,1,0
"25698",42,2,"B4",10,2,1,52,1,0
"25699",42,1,"A24",2,2,1,48,2,0
"25735",3,1,"A10",3,4,1,38,1,0
"25849",41,2,"B4",10,2,1,52,1,0
"26262",16,2,"B11",2,4,1,43,1,0
"26263",16,2,"B30",9,4,1,57,2,0
"26264",16,2,"B27",2,3,1,57,2,0
"26265",16,2,"B31",9,5,1,57,2,0
"26661",46,3,"C34",7,6,1,48,2,0
"26663",46,1,"A24",2,2,1,48,2,0
"26760",22,1,"A1",8,1,1,28,1,0
"26791",16,1,"A12",2,4,1,38,1,0
"26792",16,2,"B6",2,2,1,52,1,0
"26793",16,4,"P10",4,4,2,65,1,0
"26847",46,3,"C50",9,5,2,20,3,0
"27026",44,3,"C16",13,6,1,28,1,0
"27152",41,3,"C17",14,6,1,48,1,0
"27158",10,2,"B30",9,4,1,57,2,0
"27218",15,2,"B16",12,6,1,52,1,0
"27220",15,3,"C1",4,1,2,28,1,0
"27221",15,3,"C21",14,1,1,57,2,0
"27222",15,3,"C26",14,3,1,28,2,0
"27224",15,3,"C40",14,2,2,28,3,0
"27225",15,3,"C49",4,5,2,26,3,0
"27226",15,3,"C55",13,1,1,48,4,0
"27227",15,4,"P9",4,3,2,23,1,0
"27228",15,4,"P15",4,5,2,38,1,0
"27229",15,3,"C4",4,2,1,48,1,0
"27230",2,1,"A7",3,3,1,43,1,0
"27318",24,4,"P42",6,2,2,28,3,0
"27941",29,4,"P28",12,4,2,33,2,0
"27947",29,4,"P22",12,2,1,52,2,0
"27961",29,4,"P79",2,3,1,52,5,0
"28465",21,1,"A9",3,3,1,82,1,0
"28467",21,1,"A3",3,1,1,72,1,0
"28471",21,3,"C11",7,4,1,33,1,0
"28475",21,4,"P2",3,1,1,28,1,0
"28478",21,4,"P18",2,6,1,28,1,0
"28479",21,4,"P68",2,5,2,43,4,0
"28480",21,4,"P72",14,6,1,33,4,0
"28482",21,4,"P80",7,3,1,28,5,0
"28483",21,4,"P76",2,2,2,43,5,0
"28484",21,4,"P7",4,3,2,28,1,0
"28487",21,1,"A18",4,6,1,38,1,0
"28492",21,1,"A6",3,2,1,43,1,0
"28495",21,1,"A10",3,4,1,38,1,0
"28501",21,1,"A17",2,6,1,62,1,0
"28563",46,3,"C38",13,1,1,38,3,0
"28640",16,2,"B32",6,5,1,38,2,0
"28641",16,3,"C12",14,4,1,43,1,0
"28643",16,3,"C30",2,4,2,28,2,0
"28644",16,3,"C23",3,2,1,43,2,0
"28645",16,3,"C46",2,4,1,48,3,0
"28646",16,3,"C51",6,5,1,20,3,0
"28647",16,3,"C15",6,5,1,33,1,0
"28648",16,3,"C17",14,6,1,48,1,0
"28649",16,3,"C1",4,1,2,28,1,0
"28650",16,3,"C10",9,4,2,28,1,0
"28651",16,3,"C50",9,5,2,20,3,0
"28653",16,3,"C26",14,3,1,28,2,0
"28735",41,1,"A13",1,5,1,28,1,0
"28767",15,2,"B29",2,4,1,62,2,0
"28768",15,2,"B24",11,2,1,57,2,0
"28769",15,2,"B11",2,4,1,43,1,0
"28877",9,4,"P4",4,2,1,38,1,0
"28995",21,4,"P4",4,2,1,38,1,0
"29001",21,4,"P35",4,6,1,28,2,0
"29010",21,3,"C22",11,2,2,43,2,0
"29011",21,3,"C19",12,1,1,48,2,0
"29012",21,3,"C27",11,3,1,48,2,0
"29013",21,3,"C36",14,6,1,43,2,0
"29014",21,3,"C34",7,6,1,48,2,0
"29071",27,1,"A15",14,5,2,33,1,0
"29567",44,3,"C4",4,2,1,48,1,0
"29569",44,3,"C35",9,6,1,50,2,0
"29570",44,3,"C56",6,1,2,57,4,0
"29573",44,1,"A33",1,5,1,38,2,0
"30033",33,1,"A13",1,5,1,28,1,0
"30034",33,4,"P17",2,6,2,38,1,0
"30035",33,4,"P12",4,4,1,33,1,0
"30270",2,2,"B10",2,4,1,67,1,0
"30275",2,2,"B4",10,2,1,52,1,0
"30276",2,2,"B17",6,6,2,38,1,0
"30277",2,3,"C5",11,2,1,48,1,0
"30278",2,1,"A13",1,5,1,28,1,0
"30279",2,4,"P16",7,6,1,33,1,0
"30280",2,4,"P13",4,5,1,38,1,0
"30574",3,1,"A3",3,1,1,72,1,0
"30575",3,1,"A5",3,2,1,43,1,0
"30576",3,3,"C10",9,4,2,28,1,0
"30577",3,3,"C5",11,2,1,48,1,0
"30578",3,3,"C11",7,4,1,33,1,0
"30579",3,3,"C17",14,6,1,48,1,0
"30580",3,3,"C46",2,4,1,48,3,0
"30581",3,3,"C38",13,1,1,38,3,0
"30582",3,3,"C53",14,6,1,38,3,0
"30583",3,3,"C40",14,2,2,28,3,0
"30584",3,3,"C4",4,2,1,48,1,0
"30585",3,3,"C18",9,6,1,48,1,0
"30586",3,3,"C34",7,6,1,48,2,0
"30587",3,3,"C42",7,2,1,28,3,0
"30588",3,4,"P1",3,1,1,38,1,0
"30589",3,4,"P3",2,1,1,48,1,0
"30590",3,4,"P30",4,4,1,33,2,0
"30591",3,4,"P38",9,1,1,33,3,0
"30592",3,4,"P39",14,1,1,43,3,0
"30593",3,4,"P42",6,2,2,28,3,0
"30594",3,4,"P48",9,4,2,33,3,0
"30595",3,4,"P67",9,5,1,38,4,0
"30596",3,4,"P70",6,6,2,38,4,0
"30606",21,1,"A25",1,3,1,38,2,0
"30607",21,1,"A35",14,6,2,33,2,0
"30608",21,1,"A43",2,3,1,62,3,0
"30609",21,1,"A42",6,2,1,28,3,0
"30611",21,2,"B29",2,4,1,62,2,0
"30612",21,2,"B32",6,5,1,38,2,0
"30618",7,3,"C8",2,3,2,48,1,0
"30619",7,1,"A8",3,3,1,62,1,0
"30679",24,4,"P19",2,1,1,48,2,0
"30685",24,4,"P47",14,4,1,28,3,0
"30686",24,4,"P44",11,3,2,28,3,0
"31743",16,3,"C2",12,1,1,43,1,0
"31744",16,2,"B13",12,5,2,62,1,0
"31803",24,1,"A43",2,3,1,62,3,0
"32054",46,2,"B32",6,5,1,38,2,0
"32103",34,1,"A4",3,2,2,38,1,0
"32104",34,1,"A7",3,3,1,43,1,0
"32115",44,3,"C49",4,5,2,26,3,0
"32119",44,3,"C30",2,4,2,28,2,0
"32120",44,3,"C29",6,4,2,52,2,0
"32131",44,4,"P7",4,3,2,28,1,0
"32132",44,4,"P14",2,5,2,38,1,0
"32134",44,4,"P59",2,2,2,38,4,0
"32178",24,3,"C6",6,2,1,33,1,0
"32286",38,1,"A4",3,2,2,38,1,0
"32291",12,3,"C30",2,4,2,28,2,0
"32319",3,2,"B3",12,1,1,52,1,0
"32320",3,3,"C1",4,1,2,28,1,0
"32322",3,3,"C7",13,3,1,48,1,0
"32325",3,3,"C9",6,3,1,48,1,0
"32328",3,3,"C12",14,4,1,43,1,0
"32329",3,3,"C13",9,5,1,48,1,0
"32330",3,3,"C14",9,5,1,23,1,0
"32331",3,3,"C15",6,5,1,33,1,0
"32334",3,3,"C24",12,2,1,33,2,0
"32335",3,3,"C30",2,4,2,28,2,0
"32337",3,3,"C36",14,6,1,43,2,0
"32338",3,3,"C37",2,1,1,43,3,0
"32340",3,3,"C49",4,5,2,26,3,0
"32341",3,3,"C50",9,5,2,20,3,0
"32342",3,3,"C52",2,6,1,38,3,0
"32345",3,3,"C54",14,6,1,57,3,0
"32349",3,4,"P6",2,2,1,43,1,0
"32350",3,4,"P15",4,5,2,38,1,0
"32351",3,4,"P40",4,2,1,43,3,0
"32355",3,4,"P49",14,5,1,33,3,0
"32356",3,4,"P50",6,5,2,33,3,0
"32358",3,4,"P66",9,4,2,43,4,0
"32360",3,4,"P59",2,2,2,38,4,0
"32455",37,2,"B1",4,1,1,57,1,0
"32456",37,3,"C28",2,4,2,48,2,0
"32457",37,4,"P9",4,3,2,23,1,0
"32458",37,4,"P44",11,3,2,28,3,0
"32459",37,4,"P70",6,6,2,38,4,0
"32460",37,3,"C40",14,2,2,28,3,0
"32465",21,1,"A16",1,6,1,33,1,0
"32467",21,3,"C13",9,5,1,48,1,0
"33025",16,1,"A38",6,1,1,62,3,0
"33027",16,4,"P77",7,2,1,43,5,0
"33148",46,1,"A32",2,5,1,38,2,0
"33150",46,3,"C9",6,3,1,48,1,0
"33151",46,3,"C32",2,5,1,33,2,0
"33153",46,3,"C51",6,5,1,20,3,0
"33154",46,3,"C57",5,1,2,33,4,0
"33192",15,1,"A1",8,1,1,28,1,0
"33194",15,1,"A13",1,5,1,28,1,0
"33195",15,2,"B2",3,1,2,57,1,0
"33196",15,2,"B4",10,2,1,52,1,0
"33197",15,2,"B27",2,3,1,57,2,0
"33199",15,3,"C41",13,2,1,28,3,0
"33200",15,3,"C54",14,6,1,57,3,0
"33201",15,4,"P6",2,2,1,43,1,0
"33326",46,2,"B28",9,4,1,38,2,0
"33334",46,4,"P33",9,5,1,43,2,0
"33335",46,4,"P29",5,4,2,33,2,0
"33336",46,4,"P34",9,6,2,48,2,0
"33640",46,1,"A35",14,6,2,33,2,0
"33641",46,2,"B27",2,3,1,57,2,0
"33642",46,3,"C58",14,2,2,48,4,0
"33643",46,3,"C55",13,1,1,48,4,0
"33646",46,3,"C53",14,6,1,38,3,0
"33651",46,1,"A34",2,6,1,38,2,0
"33653",46,1,"A42",6,2,1,28,3,0
"33656",46,4,"P9",4,3,2,23,1,0
"33657",46,4,"P48",9,4,2,33,3,0
"33660",46,4,"P58",9,2,2,38,4,0
"33862",9,4,"P73",11,1,2,33,5,0
"33863",9,4,"P75",7,1,1,33,5,0
"33864",9,4,"P1",3,1,1,38,1,0
"34027",41,4,"P9",4,3,2,23,1,0
"34029",41,1,"A22",4,2,1,62,2,0
"34030",41,1,"A27",3,3,1,55,2,0
"34031",41,1,"A41",4,2,1,43,3,0
"34032",41,1,"A43",2,3,1,62,3,0
"34033",41,3,"C7",13,3,1,48,1,0
"34034",41,3,"C24",12,2,1,33,2,0
"34035",41,3,"C27",11,3,1,48,2,0
"34634",46,1,"A38",6,1,1,62,3,0
"34639",46,4,"P13",4,5,1,38,1,0
"34641",46,4,"P41",9,2,2,43,3,0
"34643",46,4,"P59",2,2,2,38,4,0
"34718",46,4,"P47",14,4,1,28,3,0
"34726",46,3,"C8",2,3,2,48,1,0
"34728",46,3,"C59",5,2,2,52,4,0
"34790",46,3,"C13",9,5,1,48,1,0
"34794",44,3,"C27",11,3,1,48,2,0
"35014",28,1,"A1",8,1,1,28,1,0
"35015",28,1,"A13",1,5,1,28,1,0
"35058",3,4,"P23",6,2,2,28,2,0
"35060",3,4,"P82",6,4,2,48,5,0
"35061",3,3,"C26",14,3,1,28,2,0
"35062",3,3,"C29",6,4,2,52,2,0
"35063",3,3,"C31",12,5,1,33,2,0
"35066",3,1,"A7",3,3,1,43,1,0
"35068",3,1,"A32",2,5,1,38,2,0
"35069",3,1,"A31",6,5,2,62,2,0
"35070",3,1,"A30",6,4,1,38,2,0
"35071",3,1,"A33",1,5,1,38,2,0
"35075",3,2,"B32",6,5,1,38,2,0
"35082",32,4,"P2",3,1,1,28,1,0
"35124",42,4,"P16",7,6,1,33,1,0
"35145",41,2,"B16",12,6,1,52,1,0
"35155",15,3,"C11",7,4,1,33,1,0
"35157",15,3,"C35",9,6,1,50,2,0
"35159",15,3,"C56",6,1,2,57,4,0
"35161",15,3,"C24",12,2,1,33,2,0
"35162",15,2,"B9",1,3,1,48,1,0
"35166",15,2,"B34",2,6,1,48,2,0
"35169",15,1,"A31",6,5,2,62,2,0
"35173",15,3,"C42",7,2,1,28,3,0
"35177",15,1,"A9",3,3,1,82,1,0
"35198",12,4,"P2",3,1,1,28,1,0
"35199",12,4,"P8",2,3,1,28,1,0
"35200",12,4,"P5",3,2,1,23,1,0
"35201",12,4,"P7",4,3,2,28,1,0
"35202",12,4,"P13",4,5,1,38,1,0
"35203",12,4,"P17",2,6,2,38,1,0
"35204",12,4,"P39",14,1,1,43,3,0
"35205",12,4,"P52",11,6,2,23,3,0
"35206",12,4,"P56",2,1,1,33,4,0
"35207",12,4,"P71",2,6,2,33,4,0
"35208",12,4,"P72",14,6,1,33,4,0
"35209",12,4,"P76",2,2,2,43,5,0
"35210",12,4,"P21",4,1,1,33,2,0
"35211",12,4,"P22",12,2,1,52,2,0
"35212",12,4,"P23",6,2,2,28,2,0
"35213",12,4,"P36",2,6,1,43,2,0
"35214",12,4,"P4",4,2,1,38,1,0
"35215",12,4,"P6",2,2,1,43,1,0
"35216",12,4,"P1",3,1,1,38,1,0
"35643",46,2,"B22",2,2,1,67,2,0
"36143",46,4,"P10",4,4,2,65,1,0
"36537",46,3,"C29",6,4,2,52,2,0
"36796",41,4,"P27",6,3,2,33,2,0
"36797",41,4,"P31",2,5,2,33,2,0
"36798",41,4,"P59",2,2,2,38,4,0
"36799",41,4,"P73",11,1,2,33,5,0
"36800",41,4,"P75",7,1,1,33,5,0
"37009",34,1,"A32",2,5,1,38,2,0
"37010",34,1,"A21",1,1,1,62,2,0
"37158",34,1,"A34",2,6,1,38,2,0
"37161",34,1,"A20",2,1,2,38,2,0
"37162",34,1,"A43",2,3,1,62,3,0
"37169",34,1,"A17",2,6,1,62,1,0
"37635",46,4,"P3",2,1,1,48,1,0
"37639",46,4,"P11",4,4,2,38,1,0
"37642",46,4,"P14",2,5,2,38,1,0
"37648",46,4,"P30",4,4,1,33,2,0
"37649",46,4,"P37",2,1,1,43,3,0
"37651",46,4,"P38",9,1,1,33,3,0
"37653",46,4,"P57",4,1,1,43,4,0
"37851",46,1,"A26",2,3,1,38,2,0
"38001",44,2,"B30",9,4,1,57,2,0
"38003",44,3,"C15",6,5,1,33,1,0
"38005",44,3,"C14",9,5,1,23,1,0
"38006",44,3,"C41",13,2,1,28,3,0
"38010",44,1,"A10",3,4,1,38,1,0
"38015",44,1,"A21",1,1,1,62,2,0
"38017",44,2,"B20",8,1,1,43,2,0
"38194",41,1,"A6",3,2,1,43,1,0
"38195",41,1,"A20",2,1,2,38,2,0
"38199",41,1,"A29",2,4,1,60,2,0
"38200",41,3,"C23",3,2,1,43,2,0
"38241",34,1,"A37",2,1,1,62,3,0
"38242",34,1,"A18",4,6,1,38,1,0
"38379",21,2,"B14",2,5,1,62,1,0
"38380",21,3,"C8",2,3,2,48,1,0
"38578",34,2,"B4",10,2,1,52,1,0
"39615",16,2,"B9",1,3,1,48,1,0
"39660",19,4,"P1",3,1,1,38,1,0
"39662",19,4,"P15",4,5,2,38,1,0
"39663",19,4,"P37",2,1,1,43,3,0
"39714",12,1,"A2",3,1,1,43,1,0
"39715",12,1,"A9",3,3,1,82,1,0
"39716",12,1,"A5",3,2,1,43,1,0
"39717",12,1,"A12",2,4,1,38,1,0
"39827",46,3,"C10",9,4,2,28,1,0
"40664",16,2,"B24",11,2,1,57,2,0
"41014",14,1,"A24",2,2,1,48,2,0
"41421",46,1,"A20",2,1,2,38,2,0
"41467",44,1,"A22",4,2,1,62,2,0
"41468",44,1,"A34",2,6,1,38,2,0
"41469",44,1,"A41",4,2,1,43,3,0
"41470",44,2,"B8",4,3,2,52,1,0
"41476",44,3,"C40",14,2,2,28,3,0
"41492",22,1,"A4",3,2,2,38,1,0
"41494",22,1,"A16",1,6,1,33,1,0
"41498",22,1,"A8",3,3,1,62,1,0
"41500",22,4,"P49",14,5,1,33,3,0
"41836",44,3,"C57",5,1,2,33,4,0
"41838",44,2,"B11",2,4,1,43,1,0
"41987",27,2,"B9",1,3,1,48,1,0
"41988",27,2,"B22",2,2,1,67,2,0
"41989",27,2,"B34",2,6,1,48,2,0
"41991",27,3,"C12",14,4,1,43,1,0
"41993",27,3,"C28",2,4,2,48,2,0
"41995",27,4,"P18",2,6,1,28,1,0
"42754",42,1,"A2",3,1,1,43,1,0
"42755",42,1,"A5",3,2,1,43,1,0
"42757",42,1,"A39",4,1,1,38,3,0
"42758",42,2,"B10",2,4,1,67,1,0
"42759",42,2,"B21",12,1,1,67,2,0
"42760",42,2,"B22",2,2,1,67,2,0
"42761",42,2,"B24",11,2,1,57,2,0
"42762",42,2,"B23",7,2,1,38,2,0
"42763",42,2,"B27",2,3,1,57,2,0
"42764",42,2,"B26",13,3,1,57,2,0
"42765",42,2,"B31",9,5,1,57,2,0
"42766",42,2,"B13",12,5,2,62,1,0
"42767",42,3,"C9",6,3,1,48,1,0
"42768",42,3,"C4",4,2,1,48,1,0
"42769",42,3,"C5",11,2,1,48,1,0
"42770",42,3,"C24",12,2,1,33,2,0
"42771",42,3,"C25",2,3,1,33,2,0
"42772",42,3,"C57",5,1,2,33,4,0
"42773",42,4,"P1",3,1,1,38,1,0
"42774",42,4,"P3",2,1,1,48,1,0
"42775",42,4,"P15",4,5,2,38,1,0
"42776",42,4,"P33",9,5,1,43,2,0
"42777",42,4,"P61",1,3,2,28,4,0
"42778",42,4,"P65",9,4,2,43,4,0
"42779",42,4,"P82",6,4,2,48,5,0
"43480",46,3,"C28",2,4,2,48,2,0
"43731",10,1,"A11",3,4,1,62,1,0
"43806",41,3,"C13",9,5,1,48,1,0
"43807",41,3,"C51",6,5,1,20,3,0
"43808",41,3,"C56",6,1,2,57,4,0
"43809",41,4,"P77",7,2,1,43,5,0
"43812",41,3,"C2",12,1,1,43,1,0
"43824",27,2,"B1",4,1,1,57,1,0
"43825",27,2,"B24",11,2,1,57,2,0
"43831",27,1,"A8",3,3,1,62,1,0
"43832",27,1,"A22",4,2,1,62,2,0
"44076",34,2,"B17",6,6,2,38,1,0
"44077",34,4,"P9",4,3,2,23,1,0
"44078",34,4,"P17",2,6,2,38,1,0
"44971",21,1,"A38",6,1,1,62,3,0
"45117",45,3,"C13",9,5,1,48,1,0
"45118",45,3,"C51",6,5,1,20,3,0
"45119",45,3,"C56",6,1,2,57,4,0
"45120",45,4,"P77",7,2,1,43,5,0
"45336",42,4,"P12",4,4,1,33,1,0
"45337",42,2,"B15",9,5,1,38,1,0
"45342",12,4,"P19",2,1,1,48,2,0
"45344",3,1,"A6",3,2,1,43,1,0
"45406",34,4,"P16",7,6,1,33,1,0
"45407",34,4,"P69",9,5,1,43,4,0
"45408",34,4,"P80",7,3,1,28,5,0
"45409",34,2,"B1",4,1,1,57,1,0
"45487",24,3,"C33",14,5,1,48,2,0
"45559",41,1,"A11",3,4,1,62,1,0
"45561",41,3,"C43",6,3,2,28,3,0
"45562",41,4,"P33",9,5,1,43,2,0
"45564",41,4,"P20",7,1,1,23,2,0
"46084",9,4,"P17",2,6,2,38,1,0
"46620",16,4,"P48",9,4,2,33,3,0
"46750",46,1,"A23",6,2,2,33,2,0
"46859",46,3,"C19",12,1,1,48,2,0
"46863",46,3,"C40",14,2,2,28,3,0
"46993",21,1,"A21",1,1,1,62,2,0
"47016",16,1,"A13",1,5,1,28,1,0
"47017",16,1,"A18",4,6,1,38,1,0
"47018",16,1,"A40",4,2,2,38,3,0
"47019",16,3,"C5",11,2,1,48,1,0
"47049",42,1,"A38",6,1,1,62,3,0
"47051",42,1,"A40",4,2,2,38,3,0
"47052",42,1,"A41",4,2,1,43,3,0
"47053",42,1,"A42",6,2,1,28,3,0
"47054",42,1,"A43",2,3,1,62,3,0
"47189",21,3,"C58",14,2,2,48,4,0
"47191",21,4,"P61",1,3,2,28,4,0
"47242",46,4,"P66",9,4,2,43,4,0
"47244",46,4,"P78",14,2,2,48,5,0
"47245",46,4,"P81",4,3,2,43,5,0
"47541",24,1,"A27",3,3,1,55,2,0
"47610",34,1,"A13",1,5,1,28,1,0
"47883",16,2,"B20",8,1,1,43,2,0
"48217",42,4,"P73",11,1,2,33,5,0
"48218",42,4,"P74",12,1,2,33,5,0
"48219",42,4,"P75",7,1,1,33,5,0
"48220",42,4,"P76",2,2,2,43,5,0
"48221",42,4,"P77",7,2,1,43,5,0
"48222",42,4,"P78",14,2,2,48,5,0
"48223",42,4,"P79",2,3,1,52,5,0
"48224",42,4,"P80",7,3,1,28,5,0
"48225",42,4,"P81",4,3,2,43,5,0
"48373",41,2,"B14",2,5,1,62,1,0
"49009",18,3,"C10",9,4,2,28,1,0
"49374",38,1,"A11",3,4,1,62,1,0
"49375",38,4,"P12",4,4,1,33,1,0
"49381",42,1,"A17",2,6,1,62,1,0
"49385",42,1,"A6",3,2,1,43,1,0
"49394",42,3,"C3",6,1,2,23,1,0
"49395",42,3,"C21",14,1,1,57,2,0
"49402",42,1,"A16",1,6,1,33,1,0
"49403",42,1,"A11",3,4,1,62,1,0
"49404",42,1,"A3",3,1,1,72,1,0
"49405",42,2,"B1",4,1,1,57,1,0
"49406",42,2,"B17",6,6,2,38,1,0
"49407",42,3,"C8",2,3,2,48,1,0
"49408",42,1,"A33",1,5,1,38,2,0
"49409",42,2,"B25",6,3,1,38,2,0
"49526",21,3,"C30",2,4,2,28,2,0
"49533",21,4,"P3",2,1,1,48,1,0
"49538",21,4,"P59",2,2,2,38,4,0
"49545",21,3,"C29",6,4,2,52,2,0
"49546",21,3,"C40",14,2,2,28,3,0
"50160",16,1,"A24",2,2,1,48,2,0
"50163",16,2,"B5",14,2,2,52,1,0
"50172",44,3,"C38",13,1,1,38,3,0
"50281",10,3,"C33",14,5,1,48,2,0
"50282",10,3,"C25",2,3,1,33,2,0
"50283",10,3,"C24",12,2,1,33,2,0
"50284",10,3,"C53",14,6,1,38,3,0
"50285",10,4,"P16",7,6,1,33,1,0
"50433",24,4,"P51",9,5,1,28,3,0
"50708",16,4,"P15",4,5,2,38,1,0
"50713",16,1,"A35",14,6,2,33,2,0
"50716",16,1,"A19",12,1,2,33,2,0
"50719",16,3,"C42",7,2,1,28,3,0
"50725",16,3,"C13",9,5,1,48,1,0
"50976",9,4,"P14",2,5,2,38,1,0
"50981",9,4,"P19",2,1,1,48,2,0
"50983",9,4,"P33",9,5,1,43,2,0
"50986",9,4,"P49",14,5,1,33,3,0
"50988",9,4,"P50",6,5,2,33,3,0
"50990",9,4,"P55",14,1,2,33,4,0
"50992",9,4,"P59",2,2,2,38,4,0
"50994",9,4,"P65",9,4,2,43,4,0
"50996",9,4,"P69",9,5,1,43,4,0
"51016",32,4,"P78",14,2,2,48,5,0
"51017",32,2,"B21",12,1,1,67,2,0
"51018",32,3,"C13",9,5,1,48,1,0
"51019",32,4,"P15",4,5,2,38,1,0
"51020",32,4,"P1",3,1,1,38,1,0
"51074",41,1,"A4",3,2,2,38,1,0
"51076",41,2,"B1",4,1,1,57,1,0
"51078",41,2,"B17",6,6,2,38,1,0
"51083",41,2,"B5",14,2,2,52,1,0
"51084",41,3,"C22",11,2,2,43,2,0
"51085",41,3,"C49",4,5,2,26,3,0
"51087",41,3,"C47",13,4,2,18,3,0
"51089",41,4,"P25",2,3,2,43,2,0
"51091",41,4,"P35",4,6,1,28,2,0
"51095",41,2,"B9",1,3,1,48,1,0
"51099",41,4,"P5",3,2,1,23,1,0
"51100",41,4,"P70",6,6,2,38,4,0
"51101",41,4,"P56",2,1,1,33,4,0
"51102",41,4,"P11",4,4,2,38,1,0
"51220",34,1,"A8",3,3,1,62,1,0
"51673",46,2,"B20",8,1,1,43,2,0
"51675",16,3,"C37",2,1,1,43,3,0
"51962",3,2,"B1",4,1,1,57,1,0
"51964",3,2,"B13",12,5,2,62,1,0
"51965",3,2,"B12",2,4,1,38,1,0
"51966",3,2,"B10",2,4,1,67,1,0
"51967",3,2,"B23",7,2,1,38,2,0
"51968",3,2,"B26",13,3,1,57,2,0
"51970",3,2,"B33",6,5,2,33,2,0
"51971",3,2,"B34",2,6,1,48,2,0
"51973",3,4,"P16",7,6,1,33,1,0
"51974",3,4,"P12",4,4,1,33,1,0
"51975",3,4,"P33",9,5,1,43,2,0
"51976",3,4,"P34",9,6,2,48,2,0
"51979",3,4,"P57",4,1,1,43,4,0
"51980",3,4,"P60",14,2,1,28,4,0
"52326",34,2,"B7",6,3,1,38,1,0
"52779",16,4,"P26",4,3,1,43,2,0
"52781",16,1,"A26",2,3,1,38,2,0
"53193",44,1,"A29",2,4,1,60,2,0
"53194",44,1,"A30",6,4,1,38,2,0
"53198",44,1,"A28",1,4,2,43,2,0
"53204",44,3,"C58",14,2,2,48,4,0
"53231",32,1,"A4",3,2,2,38,1,0
"53232",32,1,"A16",1,6,1,33,1,0
"53233",32,2,"B4",10,2,1,52,1,0
"53234",32,3,"C49",4,5,2,26,3,0
"53788",11,2,"B9",1,3,1,48,1,0
"53789",11,3,"C21",14,1,1,57,2,0
"53876",24,3,"C43",6,3,2,28,3,0
"54167",46,4,"P80",7,3,1,28,5,0
"54171",46,3,"C31",12,5,1,33,2,0
"54284",44,3,"C36",14,6,1,43,2,0
"54509",41,1,"A18",4,6,1,38,1,0
"54515",41,2,"B20",8,1,1,43,2,0
"54516",41,4,"P74",12,1,2,33,5,0
"54517",41,1,"A25",1,3,1,38,2,0
"54707",24,4,"P61",1,3,2,28,4,0
"54922",44,4,"P5",3,2,1,23,1,0
"54933",44,4,"P21",4,1,1,33,2,0
"54934",44,4,"P26",4,3,1,43,2,0
"54935",44,4,"P30",4,4,1,33,2,0
"54936",44,4,"P35",4,6,1,28,2,0
"54937",44,1,"A39",4,1,1,38,3,0
"54939",44,4,"P75",7,1,1,33,5,0
"54943",11,3,"C8",2,3,2,48,1,0
"54944",11,3,"C20",13,1,2,48,2,0
"54946",11,3,"C36",14,6,1,43,2,0
"54947",11,3,"C27",11,3,1,48,2,0
"54948",11,4,"P18",2,6,1,28,1,0
"55399",12,1,"A28",1,4,2,43,2,0
"55401",12,1,"A25",1,3,1,38,2,0
"55658",46,1,"A29",2,4,1,60,2,0
"55660",46,1,"A19",12,1,2,33,2,0
"56017",41,2,"B10",2,4,1,67,1,0
"56026",41,3,"C5",11,2,1,48,1,0
"56029",41,3,"C35",9,6,1,50,2,0
"56031",41,3,"C44",14,3,1,55,3,0
"56032",41,3,"C38",13,1,1,38,3,0
"56034",2,1,"A23",6,2,2,33,2,0
"56035",2,2,"B1",4,1,1,57,1,0
"56036",2,2,"B3",12,1,1,52,1,0
"56038",2,2,"B31",9,5,1,57,2,0
"56039",2,3,"C12",14,4,1,43,1,0
"56089",21,4,"P46",14,4,1,28,3,0
"56656",34,2,"B29",2,4,1,62,2,0
"56657",34,2,"B11",2,4,1,43,1,0
"56658",34,2,"B12",2,4,1,38,1,0
"56665",34,2,"B23",7,2,1,38,2,0
"56667",34,2,"B28",9,4,1,38,2,0
"56671",34,2,"B5",14,2,2,52,1,0
"56675",34,2,"B8",4,3,2,52,1,0
"57208",44,4,"P17",2,6,2,38,1,0
"57211",44,4,"P29",5,4,2,33,2,0
"57212",44,4,"P33",9,5,1,43,2,0
"57213",44,4,"P48",9,4,2,33,3,0
"57220",44,4,"P69",9,5,1,43,4,0
"57257",37,1,"A15",14,5,2,33,1,0
"57380",41,1,"A38",6,1,1,62,3,0
"57383",41,4,"P8",2,3,1,28,1,0
"57385",41,4,"P48",9,4,2,33,3,0
"57422",21,4,"P29",5,4,2,33,2,0
"57424",21,4,"P71",2,6,2,33,4,0
"57429",21,3,"C24",12,2,1,33,2,0
"57430",21,3,"C47",13,4,2,18,3,0
"57434",21,1,"A20",2,1,2,38,2,0
"57727",3,4,"P25",2,3,2,43,2,0
"57730",3,4,"P44",11,3,2,28,3,0
"57731",3,4,"P47",14,4,1,28,3,0
"57733",3,4,"P51",9,5,1,28,3,0
"57734",3,4,"P56",2,1,1,33,4,0
"57735",3,4,"P61",1,3,2,28,4,0
"57736",3,4,"P76",2,2,2,43,5,0
"57737",3,4,"P77",7,2,1,43,5,0
"57953",22,2,"B5",14,2,2,52,1,0
"57954",22,2,"B6",2,2,1,52,1,0
"57956",22,2,"B1",4,1,1,57,1,0
"57957",22,1,"A43",2,3,1,62,3,0
"57958",22,1,"A42",6,2,1,28,3,0
"57960",22,1,"A38",6,1,1,62,3,0
"57961",22,1,"A39",4,1,1,38,3,0
"57965",22,2,"B2",3,1,2,57,1,0
"57968",22,2,"B7",6,3,1,38,1,0
"57969",22,2,"B8",4,3,2,52,1,0
"57971",22,2,"B14",2,5,1,62,1,0
"57972",22,2,"B34",2,6,1,48,2,0
"57974",22,2,"B20",8,1,1,43,2,0
"57975",22,2,"B21",12,1,1,67,2,0
"57976",22,2,"B23",7,2,1,38,2,0
"57977",22,2,"B24",11,2,1,57,2,0
"57978",22,2,"B25",6,3,1,38,2,0
"57979",22,2,"B28",9,4,1,38,2,0
"57981",22,2,"B33",6,5,2,33,2,0
"57983",22,2,"B30",9,4,1,57,2,0
"57984",22,2,"B29",2,4,1,62,2,0
"57985",22,3,"C1",4,1,2,28,1,0
"57986",22,3,"C6",6,2,1,33,1,0
"57987",22,3,"C9",6,3,1,48,1,0
"57988",22,3,"C18",9,6,1,48,1,0
"58187",16,1,"A29",2,4,1,60,2,0
"58190",16,1,"A28",1,4,2,43,2,0
"58191",16,1,"A22",4,2,1,62,2,0
"58193",16,1,"A32",2,5,1,38,2,0
"58194",16,1,"A34",2,6,1,38,2,0
"58278",46,4,"P49",14,5,1,33,3,0
"58279",46,4,"P61",1,3,2,28,4,0
"59222",3,1,"A21",1,1,1,62,2,0
"59229",3,3,"C33",14,5,1,48,2,0
"59269",21,2,"B31",9,5,1,57,2,0
"59277",21,3,"C32",2,5,1,33,2,0
"59291",21,3,"C53",14,6,1,38,3,0
"59292",21,4,"P25",2,3,2,43,2,0
"59631",10,2,"B19",13,1,1,38,2,0
"59633",10,3,"C46",2,4,1,48,3,0
"59634",10,1,"A14",3,5,1,60,1,0
"59926",46,4,"P26",4,3,1,43,2,0
"59930",46,4,"P82",6,4,2,48,5,0
"59974",21,4,"P17",2,6,2,38,1,0
"60040",44,3,"C48",6,4,1,28,3,0
"60214",3,3,"C2",12,1,1,43,1,0
"60215",3,3,"C3",6,1,2,23,1,0
"60221",3,3,"C41",13,2,1,28,3,0
"60225",3,3,"C16",13,6,1,28,1,0
"60231",3,2,"B24",11,2,1,57,2,0
"60232",3,2,"B27",2,3,1,57,2,0
"60234",3,2,"B31",9,5,1,57,2,0
"60235",3,3,"C35",9,6,1,50,2,0
"60237",3,3,"C22",11,2,2,43,2,0
"60238",3,3,"C23",3,2,1,43,2,0
"60243",3,3,"C32",2,5,1,33,2,0
"60246",3,3,"C51",6,5,1,20,3,0
"60247",3,3,"C48",6,4,1,28,3,0
"60251",3,4,"P20",7,1,1,23,2,0
"60315",9,4,"P51",9,5,1,28,3,0
"60424",21,4,"P12",4,4,1,33,1,0
"60428",21,3,"C14",9,5,1,23,1,0
"60430",21,3,"C42",7,2,1,28,3,0
"60432",21,1,"A28",1,4,2,43,2,0
"60433",21,1,"A31",6,5,2,62,2,0
"60435",21,1,"A41",4,2,1,43,3,0
"60440",21,3,"C31",12,5,1,33,2,0
"60441",21,4,"P5",3,2,1,23,1,0
"60442",21,4,"P9",4,3,2,23,1,0
"60446",21,4,"P49",14,5,1,33,3,0
"61209",22,1,"A26",2,3,1,38,2,0
"61210",22,1,"A29",2,4,1,60,2,0
"61211",22,3,"C5",11,2,1,48,1,0
"61212",22,3,"C26",14,3,1,28,2,0
"61622",16,2,"B19",13,1,1,38,2,0
"61624",16,2,"B22",2,2,1,67,2,0
"61625",16,2,"B28",9,4,1,38,2,0
"61626",16,2,"B29",2,4,1,62,2,0
"61632",16,2,"B33",6,5,2,33,2,0
"61633",16,2,"B34",2,6,1,48,2,0
"61635",16,2,"B26",13,3,1,57,2,0
"61636",16,2,"B25",6,3,1,38,2,0
"61663",3,1,"A15",14,5,2,33,1,0
"61664",3,1,"A24",2,2,1,48,2,0
"61666",3,1,"A41",4,2,1,43,3,0
"61805",24,4,"P50",6,5,2,33,3,0
"61809",41,3,"C26",14,3,1,28,2,0
"62350",34,1,"A36",1,6,1,33,2,0
"62351",34,1,"A27",3,3,1,55,2,0
"62648",3,1,"A28",1,4,2,43,2,0
"62649",3,1,"A35",14,6,2,33,2,0
"62651",3,1,"A36",1,6,1,33,2,0
"62652",3,1,"A29",2,4,1,60,2,0
"62721",2,1,"A15",14,5,2,33,1,0
"62743",38,3,"C14",9,5,1,23,1,0
"62745",38,3,"C34",7,6,1,48,2,0
"62747",38,3,"C50",9,5,2,20,3,0
"62748",14,2,"B16",12,6,1,52,1,0
"62749",14,2,"B9",1,3,1,48,1,0
"62770",32,4,"P39",14,1,1,43,3,0
"62772",32,3,"C48",6,4,1,28,3,0
"62843",34,1,"A3",3,1,1,72,1,0
"62861",41,2,"B22",2,2,1,67,2,0
"62864",41,3,"C50",9,5,2,20,3,0
"62869",41,4,"P71",2,6,2,33,4,0
"62870",41,4,"P78",14,2,2,48,5,0
"62950",21,3,"C44",14,3,1,55,3,0
"62951",21,3,"C46",2,4,1,48,3,0
"62952",21,3,"C23",3,2,1,43,2,0
"62991",22,1,"A15",14,5,2,33,1,0
"62993",22,1,"A12",2,4,1,38,1,0
"62994",22,1,"A17",2,6,1,62,1,0
"62995",22,1,"A18",4,6,1,38,1,0
"62998",22,3,"C4",4,2,1,48,1,0
"62999",22,2,"B9",1,3,1,48,1,0
"63824",34,1,"A5",3,2,1,43,1,0
"63975",44,4,"P78",14,2,2,48,5,0
"64026",47,2,"B24",11,2,1,57,2,0
"64027",47,3,"C5",11,2,1,48,1,0
"64028",47,3,"C41",13,2,1,28,3,0
"64267",41,4,"P16",7,6,1,33,1,0
"64291",41,3,"C6",6,2,1,33,1,0
"65098",44,2,"B22",2,2,1,67,2,0
"65196",46,4,"P19",2,1,1,48,2,0
"65410",38,1,"A14",3,5,1,60,1,0
"65411",38,1,"A38",6,1,1,62,3,0
"65412",38,2,"B8",4,3,2,52,1,0
"65413",38,2,"B19",13,1,1,38,2,0
"65414",38,4,"P9",4,3,2,23,1,0
"65415",38,3,"C9",6,3,1,48,1,0
"65416",38,3,"C10",9,4,2,28,1,0
"65502",41,1,"A35",14,6,2,33,2,0
"65504",41,1,"A19",12,1,2,33,2,0
"65505",41,1,"A28",1,4,2,43,2,0
"65512",41,2,"B6",2,2,1,52,1,0
"65523",41,2,"B33",6,5,2,33,2,0
"65526",41,3,"C21",14,1,1,57,2,0
"65528",41,3,"C36",14,6,1,43,2,0
"65530",41,3,"C48",6,4,1,28,3,0
"65534",41,4,"P2",3,1,1,28,1,0
"65535",41,4,"P4",4,2,1,38,1,0
"65537",41,4,"P26",4,3,1,43,2,0
"65538",41,4,"P29",5,4,2,33,2,0
"65539",41,4,"P82",6,4,2,48,5,0
"65578",37,4,"P55",14,1,2,33,4,0
"65579",37,2,"B9",1,3,1,48,1,0
"65582",37,1,"A6",3,2,1,43,1,0
"65583",37,3,"C1",4,1,2,28,1,0
"65584",37,3,"C12",14,4,1,43,1,0
"65587",37,4,"P78",14,2,2,48,5,0
"65588",37,1,"A23",6,2,2,33,2,0
"65623",24,4,"P76",2,2,2,43,5,0
"66073",34,1,"A1",8,1,1,28,1,0
"66080",34,1,"A14",3,5,1,60,1,0
"66374",34,3,"C23",3,2,1,43,2,0
"66702",46,1,"A40",4,2,2,38,3,0
"66827",42,3,"C46",2,4,1,48,3,0
"67631",44,1,"A43",2,3,1,62,3,0
"67646",27,3,"C4",4,2,1,48,1,0
"67647",27,3,"C24",12,2,1,33,2,0
"67650",27,4,"P16",7,6,1,33,1,0
"67705",21,3,"C38",13,1,1,38,3,0
"67964",44,1,"A38",6,1,1,62,3,0
"68585",9,4,"P78",14,2,2,48,5,0
"68736",28,2,"B9",1,3,1,48,1,0
"68738",28,2,"B3",12,1,1,52,1,0
"68740",28,2,"B25",6,3,1,38,2,0
"68741",28,2,"B27",2,3,1,57,2,0
"68742",28,2,"B24",11,2,1,57,2,0
"68743",28,2,"B31",9,5,1,57,2,0
"68744",28,2,"B6",2,2,1,52,1,0
"68747",28,1,"A35",14,6,2,33,2,0
"68748",28,1,"A26",2,3,1,38,2,0
"68749",28,1,"A24",2,2,1,48,2,0
"68750",28,1,"A29",2,4,1,60,2,0
"68751",28,1,"A23",6,2,2,33,2,0
"68754",28,1,"A36",1,6,1,33,2,0
"68755",28,1,"A25",1,3,1,38,2,0
"69509",46,4,"P23",6,2,2,28,2,0
"69545",46,2,"B29",2,4,1,62,2,0
"69592",16,1,"A17",2,6,1,62,1,0
"69594",16,2,"B12",2,4,1,38,1,0
"69595",16,2,"B14",2,5,1,62,1,0
"69597",16,3,"C11",7,4,1,33,1,0
"69613",34,1,"A35",14,6,2,33,2,0
"69619",34,1,"A30",6,4,1,38,2,0
"69688",44,2,"B29",2,4,1,62,2,0
"69975",9,4,"P82",6,4,2,48,5,0
"69976",9,4,"P60",14,2,1,28,4,0
"69978",9,4,"P53",2,6,2,38,3,0
"69979",9,4,"P21",4,1,1,33,2,0
"71028",12,1,"A26",2,3,1,38,2,0
"71029",12,1,"A31",6,5,2,62,2,0
"71031",12,1,"A41",4,2,1,43,3,0
"71534",37,1,"A4",3,2,2,38,1,0
"72683",44,3,"C6",6,2,1,33,1,0
"72728",14,2,"B10",2,4,1,67,1,0
"72730",14,2,"B30",9,4,1,57,2,0
"72731",14,2,"B26",13,3,1,57,2,0
"72733",14,2,"B21",12,1,1,67,2,0
"72734",14,2,"B24",11,2,1,57,2,0
"72735",14,2,"B31",9,5,1,57,2,0
"72736",14,2,"B29",2,4,1,62,2,0
"72831",22,3,"C14",9,5,1,23,1,0
"72832",22,4,"P12",4,4,1,33,1,0
"72854",28,2,"B15",9,5,1,38,1,0
"72925",40,2,"B33",6,5,2,33,2,0
"73732",14,2,"B32",6,5,1,38,2,0
"74364",6,3,"C13",9,5,1,48,1,0
"74365",6,2,"B21",12,1,1,67,2,0
"74366",6,2,"B28",9,4,1,38,2,0
"74367",6,2,"B23",7,2,1,38,2,0
"75059",21,4,"P40",4,2,1,43,3,0
"75060",21,4,"P57",4,1,1,43,4,0
"75397",10,2,"B27",2,3,1,57,2,0
"75713",12,3,"C1",4,1,2,28,1,0
"75715",12,4,"P16",7,6,1,33,1,0
"75911",21,1,"A33",1,5,1,38,2,0
"75918",21,2,"B7",6,3,1,38,1,0
"75921",21,4,"P26",4,3,1,43,2,0
"75922",21,4,"P50",6,5,2,33,3,0
"76005",12,1,"A16",1,6,1,33,1,0
"76006",12,1,"A7",3,3,1,43,1,0
"76008",12,1,"A3",3,1,1,72,1,0
"76009",12,1,"A19",12,1,2,33,2,0
"76011",12,1,"A21",1,1,1,62,2,0
"76012",12,1,"A42",6,2,1,28,3,0
"76013",12,1,"A39",4,1,1,38,3,0
"76015",12,2,"B11",2,4,1,43,1,0
"76016",12,2,"B16",12,6,1,52,1,0
"76017",12,2,"B14",2,5,1,62,1,0
"76019",12,2,"B4",10,2,1,52,1,0
"76022",12,3,"C16",13,6,1,28,1,0
"76023",12,3,"C8",2,3,2,48,1,0
"76024",12,3,"C9",6,3,1,48,1,0
"77318",38,1,"A3",3,1,1,72,1,0
"77319",38,1,"A6",3,2,1,43,1,0
"77334",42,1,"A13",1,5,1,28,1,0
"77341",42,1,"A10",3,4,1,38,1,0
"77343",42,2,"B34",2,6,1,48,2,0
"77345",42,2,"B19",13,1,1,38,2,0
"77346",42,2,"B3",12,1,1,52,1,0
"77347",42,2,"B6",2,2,1,52,1,0
"77349",42,2,"B2",3,1,2,57,1,0
"77351",42,3,"C35",9,6,1,50,2,0
"77355",42,3,"C51",6,5,1,20,3,0
"77356",42,3,"C54",14,6,1,57,3,0
"77357",42,3,"C55",13,1,1,48,4,0
"77358",42,3,"C56",6,1,2,57,4,0
"77423",42,1,"A31",6,5,2,62,2,0
"77425",42,3,"C7",13,3,1,48,1,0
"77427",42,3,"C10",9,4,2,28,1,0
"78132",25,2,"B11",2,4,1,43,1,0
"78133",25,2,"B13",12,5,2,62,1,0
"78134",25,2,"B2",3,1,2,57,1,0
"78154",19,4,"P10",4,4,2,65,1,0
"78155",19,4,"P5",3,2,1,23,1,0
"78156",19,3,"C21",14,1,1,57,2,0
"78157",19,3,"C33",14,5,1,48,2,0
"78158",19,3,"C44",14,3,1,55,3,0
"78159",19,3,"C56",6,1,2,57,4,0
"78160",19,4,"P12",4,4,1,33,1,0
"78161",19,4,"P29",5,4,2,33,2,0
"78522",42,1,"A12",2,4,1,38,1,0
"79175",28,3,"C40",14,2,2,28,3,0
"79176",28,3,"C56",6,1,2,57,4,0
"79260",46,4,"P36",2,6,1,43,2,0
"80700",34,4,"P20",7,1,1,23,2,0
"80713",16,3,"C34",7,6,1,48,2,0
"80715",16,3,"C55",13,1,1,48,4,0
"80905",21,3,"C21",14,1,1,57,2,0
"80910",21,4,"P20",7,1,1,23,2,0
"80911",21,4,"P23",6,2,2,28,2,0
"81013",31,2,"B11",2,4,1,43,1,0
"81014",31,2,"B14",2,5,1,62,1,0
"81015",31,2,"B13",12,5,2,62,1,0
"81016",31,2,"B12",2,4,1,38,1,0
"81017",31,2,"B16",12,6,1,52,1,0
"81018",31,2,"B29",2,4,1,62,2,0
"81019",31,2,"B32",6,5,1,38,2,0
"81020",31,2,"B31",9,5,1,57,2,0
"81021",31,2,"B21",12,1,1,67,2,0
"81022",31,2,"B20",8,1,1,43,2,0
"81023",31,2,"B22",2,2,1,67,2,0
"81024",31,2,"B24",11,2,1,57,2,0
"81025",31,2,"B23",7,2,1,38,2,0
"81026",31,2,"B4",10,2,1,52,1,0
"81027",31,2,"B19",13,1,1,38,2,0
"81028",31,2,"B30",9,4,1,57,2,0
"81029",31,3,"C5",11,2,1,48,1,0
"81030",31,3,"C17",14,6,1,48,1,0
"81031",31,3,"C32",2,5,1,33,2,0
"81032",31,3,"C23",3,2,1,43,2,0
"81033",31,1,"A5",3,2,1,43,1,0
"81035",31,4,"P59",2,2,2,38,4,0
"81037",31,2,"B25",6,3,1,38,2,0
"81042",16,4,"P80",7,3,1,28,5,0
"81050",16,2,"B7",6,3,1,38,1,0
"81144",42,3,"C36",14,6,1,43,2,0
"81145",42,3,"C33",14,5,1,48,2,0
"81306",41,1,"A14",3,5,1,60,1,0
"81308",41,4,"P47",14,4,1,28,3,0
"81311",41,4,"P43",7,3,2,38,3,0
"81312",41,4,"P17",2,6,2,38,1,0
"81313",41,1,"A40",4,2,2,38,3,0
"81840",31,2,"B17",6,6,2,38,1,0
"81841",31,2,"B10",2,4,1,67,1,0
"81842",31,3,"C7",13,3,1,48,1,0
"81843",31,3,"C10",9,4,2,28,1,0
"81844",31,3,"C14",9,5,1,23,1,0
"81845",31,3,"C47",13,4,2,18,3,0
"81846",31,3,"C46",2,4,1,48,3,0
"81847",31,4,"P16",7,6,1,33,1,0
"81851",31,2,"B26",13,3,1,57,2,0
"81852",31,2,"B27",2,3,1,57,2,0
"81854",31,2,"B33",6,5,2,33,2,0
"81860",31,3,"C16",13,6,1,28,1,0
"81861",31,3,"C19",12,1,1,48,2,0
"81862",31,3,"C30",2,4,2,28,2,0
"81863",31,3,"C33",14,5,1,48,2,0
"81864",31,3,"C58",14,2,2,48,4,0
"81865",31,1,"A23",6,2,2,33,2,0
"81866",31,1,"A27",3,3,1,55,2,0
"81867",31,1,"A36",1,6,1,33,2,0
"81868",31,1,"A38",6,1,1,62,3,0
"81869",31,1,"A42",6,2,1,28,3,0
"81870",31,1,"A39",4,1,1,38,3,0
"81871",31,1,"A24",2,2,1,48,2,0
"81872",31,1,"A29",2,4,1,60,2,0
"81873",31,2,"B1",4,1,1,57,1,0
"81874",31,2,"B2",3,1,2,57,1,0
"81875",31,2,"B3",12,1,1,52,1,0
"81876",31,2,"B5",14,2,2,52,1,0
"81877",31,2,"B9",1,3,1,48,1,0
"81881",31,2,"B15",9,5,1,38,1,0
"81887",31,2,"B28",9,4,1,38,2,0
"81892",31,2,"B34",2,6,1,48,2,0
"81893",31,3,"C1",4,1,2,28,1,0
"81894",31,3,"C13",9,5,1,48,1,0
"81897",31,3,"C27",11,3,1,48,2,0
"81900",31,3,"C41",13,2,1,28,3,0
"81902",31,4,"P1",3,1,1,38,1,0
"81903",31,4,"P6",2,2,1,43,1,0
"81904",31,4,"P15",4,5,2,38,1,0
"81906",31,4,"P17",2,6,2,38,1,0
"81907",31,4,"P33",9,5,1,43,2,0
"81908",31,4,"P30",4,4,1,33,2,0
"81909",31,4,"P46",14,4,1,28,3,0
"81910",31,4,"P56",2,1,1,33,4,0
"81911",31,4,"P69",9,5,1,43,4,0
"81912",31,4,"P72",14,6,1,33,4,0
"82333",28,1,"A17",2,6,1,62,1,0
"82334",28,2,"B1",4,1,1,57,1,0
"82337",28,2,"B21",12,1,1,67,2,0
"82338",28,2,"B20",8,1,1,43,2,0
"82450",39,3,"C7",13,3,1,48,1,0
"82451",39,1,"A1",8,1,1,28,1,0
"82452",39,1,"A2",3,1,1,43,1,0
"82453",39,1,"A3",3,1,1,72,1,0
"82454",32,4,"P26",4,3,1,43,2,0
"82455",32,4,"P77",7,2,1,43,5,0
"82456",32,4,"P82",6,4,2,48,5,0
"82457",32,1,"A30",6,4,1,38,2,0
"82458",32,1,"A42",6,2,1,28,3,0
"82459",32,1,"A43",2,3,1,62,3,0
"82464",41,2,"B30",9,4,1,57,2,0
"82466",41,3,"C33",14,5,1,48,2,0
"82469",41,3,"C40",14,2,2,28,3,0
"83043",34,1,"A24",2,2,1,48,2,0
"84419",12,3,"C56",6,1,2,57,4,0
"84731",32,1,"A31",6,5,2,62,2,0
"84740",41,3,"C11",7,4,1,33,1,0
"84743",41,2,"B15",9,5,1,38,1,0
"84792",16,3,"C16",13,6,1,28,1,0
"84794",16,4,"P20",7,1,1,23,2,0
"84796",16,4,"P49",14,5,1,33,3,0
"84798",16,4,"P47",14,4,1,28,3,0
"85328",46,1,"A36",1,6,1,33,2,0
"85872",41,4,"P18",2,6,1,28,1,0
"85873",41,4,"P72",14,6,1,33,4,0
"86061",24,1,"A36",1,6,1,33,2,0
"86124",41,2,"B21",12,1,1,67,2,0
"87047",15,2,"B8",4,3,2,52,1,0
"87048",15,2,"B23",7,2,1,38,2,0
"87160",39,3,"C19",12,1,1,48,2,0
"87179",41,4,"P6",2,2,1,43,1,0
"87950",46,3,"C36",14,6,1,43,2,0
"88211",12,2,"B17",6,6,2,38,1,0
"88212",12,2,"B13",12,5,2,62,1,0
"88213",12,2,"B8",4,3,2,52,1,0
"88356",44,1,"A25",1,3,1,38,2,0
"88364",44,4,"P61",1,3,2,28,4,0
"88368",44,3,"C23",3,2,1,43,2,0
"88369",44,1,"A23",6,2,2,33,2,0
"88370",44,1,"A27",3,3,1,55,2,0
"88371",44,1,"A36",1,6,1,33,2,0
"88378",44,4,"P15",4,5,2,38,1,0
"88379",44,4,"P20",7,1,1,23,2,0
"88380",44,4,"P46",14,4,1,28,3,0
"88418",24,3,"C27",11,3,1,48,2,0
"88432",2,1,"A1",8,1,1,28,1,0
"88434",2,1,"A30",6,4,1,38,2,0
"88435",2,1,"A35",14,6,2,33,2,0
"88436",2,1,"A37",2,1,1,62,3,0
"88437",2,1,"A38",6,1,1,62,3,0
"88438",2,1,"A40",4,2,2,38,3,0
"88440",2,2,"B11",2,4,1,43,1,0
"88441",2,3,"C6",6,2,1,33,1,0
"88442",2,3,"C2",12,1,1,43,1,0
"88443",2,3,"C10",9,4,2,28,1,0
"88444",2,4,"P15",4,5,2,38,1,0
"88445",2,4,"P50",6,5,2,33,3,0
"88848",15,1,"A6",3,2,1,43,1,0
"88850",15,1,"A11",3,4,1,62,1,0
"88851",15,1,"A10",3,4,1,38,1,0
"88854",15,1,"A21",1,1,1,62,2,0
"88856",15,2,"B32",6,5,1,38,2,0
"88857",15,3,"C50",9,5,2,20,3,0
"89422",16,4,"P21",4,1,1,33,2,0
"89425",16,3,"C18",9,6,1,48,1,0
"89594",46,4,"P77",7,2,1,43,5,0
"89596",46,4,"P74",12,1,2,33,5,0
"89747",9,4,"P6",2,2,1,43,1,0
"89748",9,4,"P7",4,3,2,28,1,0
"89749",9,4,"P16",7,6,1,33,1,0
"89751",9,4,"P26",4,3,1,43,2,0
"89754",9,4,"P57",4,1,1,43,4,0
"89755",9,4,"P61",1,3,2,28,4,0
"89759",9,4,"P77",7,2,1,43,5,0
"90815",44,3,"C28",2,4,2,48,2,0
"90816",44,3,"C39",6,1,1,77,3,0
"90983",38,3,"C20",13,1,2,48,2,0
"90984",38,3,"C24",12,2,1,33,2,0
"90985",38,3,"C45",11,3,1,55,3,0
"91302",16,4,"P2",3,1,1,28,1,0
"91304",16,4,"P4",4,2,1,38,1,0
"91305",16,4,"P5",3,2,1,23,1,0
"91306",16,4,"P6",2,2,1,43,1,0
"91307",16,4,"P7",4,3,2,28,1,0
"91310",16,4,"P13",4,5,1,38,1,0
"91313",16,4,"P18",2,6,1,28,1,0
"91314",16,4,"P19",2,1,1,48,2,0
"91318",16,4,"P25",2,3,2,43,2,0
"91319",16,4,"P27",6,3,2,33,2,0
"91320",16,4,"P29",5,4,2,33,2,0
"91321",16,4,"P30",4,4,1,33,2,0
"91322",16,4,"P32",3,5,2,43,2,0
"91323",16,4,"P33",9,5,1,43,2,0
"91324",16,4,"P36",2,6,1,43,2,0
"91325",16,4,"P37",2,1,1,43,3,0
"91327",16,4,"P45",9,3,1,33,3,0
"91329",16,4,"P46",14,4,1,28,3,0
"91332",16,4,"P50",6,5,2,33,3,0
"91334",16,4,"P51",9,5,1,28,3,0
"91335",16,4,"P52",11,6,2,23,3,0
"91337",16,4,"P53",2,6,2,38,3,0
"91338",16,4,"P55",14,1,2,33,4,0
"91339",16,4,"P56",2,1,1,33,4,0
"91340",16,4,"P58",9,2,2,38,4,0
"91341",16,4,"P57",4,1,1,43,4,0
"91342",16,4,"P59",2,2,2,38,4,0
"91344",16,4,"P60",14,2,1,28,4,0
"91345",16,4,"P61",1,3,2,28,4,0
"91346",16,4,"P62",12,3,2,33,4,0
"91347",16,4,"P63",14,3,2,28,4,0
"91350",16,4,"P64",12,4,2,28,4,0
"91351",16,4,"P65",9,4,2,43,4,0
"91352",16,4,"P66",9,4,2,43,4,0
"91353",16,4,"P67",9,5,1,38,4,0
"91354",16,4,"P68",2,5,2,43,4,0
"91355",16,4,"P70",6,6,2,38,4,0
"91357",16,4,"P71",2,6,2,33,4,0
"91359",16,4,"P72",14,6,1,33,4,0
"91360",16,4,"P73",11,1,2,33,5,0
"91361",16,4,"P74",12,1,2,33,5,0
"91363",16,4,"P76",2,2,2,43,5,0
"91372",16,2,"B8",4,3,2,52,1,0
"91381",16,2,"B15",9,5,1,38,1,0
"91386",16,2,"B21",12,1,1,67,2,0
"91524",34,4,"P33",9,5,1,43,2,0
"91527",10,1,"A34",2,6,1,38,2,0
"91610",27,1,"A18",4,6,1,38,1,0
"91611",27,2,"B2",3,1,2,57,1,0
"91612",27,2,"B6",2,2,1,52,1,0
"91614",27,2,"B23",7,2,1,38,2,0
"91615",27,3,"C3",6,1,2,23,1,0
"91616",27,3,"C23",3,2,1,43,2,0
"91617",27,3,"C22",11,2,2,43,2,0
"91618",27,3,"C33",14,5,1,48,2,0
"91620",27,3,"C25",2,3,1,33,2,0
"91623",27,3,"C43",6,3,2,28,3,0
"91624",27,3,"C50",9,5,2,20,3,0
"91626",27,3,"C59",5,2,2,52,4,0
"91627",27,3,"C56",6,1,2,57,4,0
"92083",47,3,"C9",6,3,1,48,1,0
"92443",16,1,"A14",3,5,1,60,1,0
"92447",16,3,"C29",6,4,2,52,2,0
"92448",16,3,"C48",6,4,1,28,3,0
"92449",16,3,"C49",4,5,2,26,3,0
"92460",16,4,"P8",2,3,1,28,1,0
"92506",41,1,"A34",2,6,1,38,2,0
"92508",41,1,"A37",2,1,1,62,3,0
"92654",37,1,"A12",2,4,1,38,1,0
"92655",37,1,"A31",6,5,2,62,2,0
"92656",37,1,"A19",12,1,2,33,2,0
"92658",37,1,"A40",4,2,2,38,3,0
"92659",37,1,"A39",4,1,1,38,3,0
"92660",37,1,"A38",6,1,1,62,3,0
"92663",37,2,"B6",2,2,1,52,1,0
"92665",37,4,"P7",4,3,2,28,1,0
"92666",37,4,"P50",6,5,2,33,3,0
"92667",37,4,"P46",14,4,1,28,3,0
"92668",37,4,"P47",14,4,1,28,3,0
"92671",37,4,"P61",1,3,2,28,4,0
"92672",37,4,"P60",14,2,1,28,4,0
"92674",37,4,"P35",4,6,1,28,2,0
"92675",37,1,"A17",2,6,1,62,1,0
"92677",37,1,"A34",2,6,1,38,2,0
"92679",37,2,"B8",4,3,2,52,1,0
"93262",44,2,"B28",9,4,1,38,2,0
"93804",11,3,"C1",4,1,2,28,1,0
"93805",11,3,"C4",4,2,1,48,1,0
"93806",11,3,"C5",11,2,1,48,1,0
"93807",11,3,"C11",7,4,1,33,1,0
"93808",11,3,"C12",14,4,1,43,1,0
"93809",11,3,"C13",9,5,1,48,1,0
"93810",11,3,"C18",9,6,1,48,1,0
"93811",11,3,"C34",7,6,1,48,2,0
"93813",11,3,"C38",13,1,1,38,3,0
"93814",11,3,"C46",2,4,1,48,3,0
"93815",11,3,"C41",13,2,1,28,3,0
"93816",11,3,"C54",14,6,1,57,3,0
"93817",11,3,"C58",14,2,2,48,4,0
"93818",11,2,"B2",3,1,2,57,1,0
"93819",11,2,"B4",10,2,1,52,1,0
"93820",11,2,"B5",14,2,2,52,1,0
"93821",11,2,"B6",2,2,1,52,1,0
"93822",11,2,"B7",6,3,1,38,1,0
"93823",11,2,"B15",9,5,1,38,1,0
"93824",11,2,"B19",13,1,1,38,2,0
"93825",11,2,"B20",8,1,1,43,2,0
"93826",11,2,"B28",9,4,1,38,2,0
"93827",11,2,"B31",9,5,1,57,2,0
"93828",11,2,"B30",9,4,1,57,2,0
"93831",11,1,"A4",3,2,2,38,1,0
"93832",11,1,"A15",14,5,2,33,1,0
"93833",11,1,"A17",2,6,1,62,1,0
"93834",11,1,"A18",4,6,1,38,1,0
"93835",11,1,"A20",2,1,2,38,2,0
"93836",11,1,"A21",1,1,1,62,2,0
"93837",11,1,"A23",6,2,2,33,2,0
"93838",11,1,"A25",1,3,1,38,2,0
"93839",11,1,"A28",1,4,2,43,2,0
"93840",11,1,"A30",6,4,1,38,2,0
"93841",11,1,"A31",6,5,2,62,2,0
"93842",11,1,"A36",1,6,1,33,2,0
"93845",11,1,"A41",4,2,1,43,3,0
"93846",11,1,"A43",2,3,1,62,3,0
"93847",11,1,"A42",6,2,1,28,3,0
"93849",11,1,"A33",1,5,1,38,2,0
"93850",11,1,"A13",1,5,1,28,1,0
"93856",11,3,"C17",14,6,1,48,1,0
"93857",11,2,"B16",12,6,1,52,1,0
"94407",31,1,"A37",2,1,1,62,3,0
"94412",31,3,"C2",12,1,1,43,1,0
"94413",31,3,"C45",11,3,1,55,3,0
"94414",31,4,"P7",4,3,2,28,1,0
"94415",31,4,"P21",4,1,1,33,2,0
"94949",44,3,"C37",2,1,1,43,3,0
"94952",44,3,"C43",6,3,2,28,3,0
"94954",44,3,"C20",13,1,2,48,2,0
"94955",44,3,"C25",2,3,1,33,2,0
"94959",44,3,"C33",14,5,1,48,2,0
"94988",32,1,"A17",2,6,1,62,1,0
"94990",32,3,"C35",9,6,1,50,2,0
"94993",32,4,"P6",2,2,1,43,1,0
"94994",32,4,"P33",9,5,1,43,2,0
"94995",32,4,"P67",9,5,1,38,4,0
"94996",32,4,"P69",9,5,1,43,4,0
"94997",32,1,"A37",2,1,1,62,3,0
"94998",32,1,"A39",4,1,1,38,3,0
"94999",32,1,"A40",4,2,2,38,3,0
"95000",32,3,"C10",9,4,2,28,1,0
"95007",27,3,"C1",4,1,2,28,1,0
"95013",27,3,"C2",12,1,1,43,1,0
"95015",27,3,"C6",6,2,1,33,1,0
"95044",38,1,"A17",2,6,1,62,1,0
"95045",38,4,"P6",2,2,1,43,1,0
"95046",38,3,"C49",4,5,2,26,3,0
"95048",38,3,"C51",6,5,1,20,3,0
"95155",21,4,"P63",14,3,2,28,4,0
"95156",21,4,"P78",14,2,2,48,5,0
"95336",34,3,"C6",6,2,1,33,1,0
"95337",34,3,"C51",6,5,1,20,3,0
"95615",1,4,"P17",2,6,2,38,1,0
"95616",1,3,"C30",2,4,2,28,2,0
"95649",46,3,"C47",13,4,2,18,3,0
"95823",31,3,"C8",2,3,2,48,1,0
"95828",31,4,"P5",3,2,1,23,1,0
"96059",16,1,"A36",1,6,1,33,2,0
"96193",27,1,"A36",1,6,1,33,2,0
"96266",24,3,"C23",3,2,1,43,2,0
"96410",18,3,"C7",13,3,1,48,1,0
"96411",18,2,"B13",12,5,2,62,1,0
"96412",18,2,"B17",6,6,2,38,1,0
"96413",18,2,"B11",2,4,1,43,1,0
"96414",18,2,"B12",2,4,1,38,1,0
"96415",18,4,"P12",4,4,1,33,1,0
"96416",18,4,"P16",7,6,1,33,1,0
"96417",18,4,"P15",4,5,2,38,1,0
"96418",18,4,"P23",6,2,2,28,2,0
"96419",18,4,"P20",7,1,1,23,2,0
"96420",18,4,"P29",5,4,2,33,2,0
"96421",18,4,"P40",4,2,1,43,3,0
"96422",18,4,"P80",7,3,1,28,5,0
"96423",18,4,"P77",7,2,1,43,5,0
"96424",18,4,"P74",12,1,2,33,5,0
"96425",18,4,"P69",9,5,1,43,4,0
"96426",18,4,"P67",9,5,1,38,4,0
"96826",43,1,"A36",1,6,1,33,2,0
"96827",43,1,"A35",14,6,2,33,2,0
"96828",43,1,"A24",2,2,1,48,2,0
"96829",43,2,"B15",9,5,1,38,1,0
"96830",43,2,"B31",9,5,1,57,2,0
"96831",43,2,"B19",13,1,1,38,2,0
"96832",43,2,"B30",9,4,1,57,2,0
"96833",43,1,"A23",6,2,2,33,2,0
"96834",43,1,"A31",6,5,2,62,2,0
"96835",43,1,"A4",3,2,2,38,1,0
"96836",43,1,"A27",3,3,1,55,2,0
"96837",43,1,"A25",1,3,1,38,2,0
"96839",43,1,"A28",1,4,2,43,2,0
"97158",45,1,"A2",3,1,1,43,1,0
"97159",45,4,"P6",2,2,1,43,1,0
"97485",41,4,"P13",4,5,1,38,1,0
"97644",11,2,"B3",12,1,1,52,1,0
"98300",24,3,"C19",12,1,1,48,2,0
"98620",11,3,"C53",14,6,1,38,3,0
"98972",21,2,"B5",14,2,2,52,1,0
"98979",21,2,"B8",4,3,2,52,1,0
"98981",21,2,"B19",13,1,1,38,2,0
"98983",21,2,"B22",2,2,1,67,2,0
"98988",21,2,"B27",2,3,1,57,2,0
"99027",12,1,"A13",1,5,1,28,1,0
"99029",12,1,"A17",2,6,1,62,1,0
"99031",12,1,"A18",4,6,1,38,1,0
"99034",12,3,"C34",7,6,1,48,2,0
"99036",12,1,"A8",3,3,1,62,1,0
"99037",12,4,"P15",4,5,2,38,1,0
"99038",12,4,"P9",4,3,2,23,1,0
"99039",12,4,"P61",1,3,2,28,4,0
"99040",12,4,"P11",4,4,2,38,1,0
"99044",12,1,"A36",1,6,1,33,2,0
"99047",12,1,"A11",3,4,1,62,1,0
"99052",12,2,"B1",4,1,1,57,1,0
"99056",12,4,"P10",4,4,2,65,1,0
"99306",35,1,"A13",1,5,1,28,1,0
"99307",35,3,"C14",9,5,1,23,1,0
"99308",35,4,"P3",2,1,1,48,1,0
"99831",21,2,"B12",2,4,1,38,1,0
"100021",2,1,"A5",3,2,1,43,1,0
"100022",2,1,"A10",3,4,1,38,1,0
"100937",21,4,"P15",4,5,2,38,1,0
"100940",21,4,"P62",12,3,2,33,4,0
"100943",21,4,"P69",9,5,1,43,4,0
"100947",21,4,"P30",4,4,1,33,2,0
"101184",39,3,"C29",6,4,2,52,2,0
"101186",39,1,"A6",3,2,1,43,1,0
"101187",39,1,"A10",3,4,1,38,1,0
"101208",12,3,"C5",11,2,1,48,1,0
"101653",15,3,"C58",14,2,2,48,4,0
"101655",15,1,"A24",2,2,1,48,2,0
"101809",46,4,"P73",11,1,2,33,5,0
"102105",44,3,"C3",6,1,2,23,1,0
"102450",14,1,"A12",2,4,1,38,1,0
"102451",14,1,"A3",3,1,1,72,1,0
"102452",14,1,"A8",3,3,1,62,1,0
"102453",14,1,"A15",14,5,2,33,1,0
"102457",14,3,"C40",14,2,2,28,3,0
"102458",14,1,"A16",1,6,1,33,1,0
"102459",14,1,"A21",1,1,1,62,2,0
"102460",14,1,"A22",4,2,1,62,2,0
"102559",41,1,"A16",1,6,1,33,1,0
"102586",41,3,"C29",6,4,2,52,2,0
"102941",28,3,"C1",4,1,2,28,1,0
"102942",28,3,"C11",7,4,1,33,1,0
"102943",28,3,"C18",9,6,1,48,1,0
"102944",28,4,"P6",2,2,1,43,1,0
"102945",28,3,"C17",14,6,1,48,1,0
"102946",28,3,"C38",13,1,1,38,3,0
"102947",28,3,"C41",13,2,1,28,3,0
"102948",28,3,"C53",14,6,1,38,3,0
"102949",28,3,"C57",5,1,2,33,4,0
"102950",28,3,"C59",5,2,2,52,4,0
"102951",28,3,"C58",14,2,2,48,4,0
"102955",28,1,"A18",4,6,1,38,1,0
"102957",28,1,"A37",2,1,1,62,3,0
"103507",44,4,"P47",14,4,1,28,3,0
"103819",11,1,"A29",2,4,1,60,2,0
"103863",37,1,"A1",8,1,1,28,1,0
"103865",37,1,"A8",3,3,1,62,1,0
"103867",37,2,"B10",2,4,1,67,1,0
"103872",37,2,"B16",12,6,1,52,1,0
"103873",37,3,"C2",12,1,1,43,1,0
"103874",37,3,"C5",11,2,1,48,1,0
"103875",37,3,"C7",13,3,1,48,1,0
"103876",37,3,"C9",6,3,1,48,1,0
"103878",37,3,"C17",14,6,1,48,1,0
"103879",37,3,"C21",14,1,1,57,2,0
"103881",37,3,"C24",12,2,1,33,2,0
"103882",37,3,"C26",14,3,1,28,2,0
"103884",37,3,"C45",11,3,1,55,3,0
"103885",37,3,"C57",5,1,2,33,4,0
"103886",37,3,"C59",5,2,2,52,4,0
"103888",37,3,"C55",13,1,1,48,4,0
"105406",46,1,"A39",4,1,1,38,3,0
"105431",46,4,"P21",4,1,1,33,2,0
"105658",44,4,"P51",9,5,1,28,3,0
"105661",44,4,"P55",14,1,2,33,4,0
"105668",44,4,"P41",9,2,2,43,3,0
"105671",44,4,"P65",9,4,2,43,4,0
"105673",44,4,"P34",9,6,2,48,2,0
"105675",44,4,"P25",2,3,2,43,2,0
"105920",24,4,"P72",14,6,1,33,4,0
"106328",46,4,"P60",14,2,1,28,4,0
"106586",10,1,"A13",1,5,1,28,1,0
"106588",10,1,"A7",3,3,1,43,1,0
"106589",10,4,"P1",3,1,1,38,1,0
"106590",10,3,"C56",6,1,2,57,4,0
"106591",10,3,"C57",5,1,2,33,4,0
"106593",10,3,"C35",9,6,1,50,2,0
"106594",10,3,"C34",7,6,1,48,2,0
"106596",10,2,"B16",12,6,1,52,1,0
"106598",10,4,"P4",4,2,1,38,1,0
"106599",10,4,"P3",2,1,1,48,1,0
"106600",10,4,"P23",6,2,2,28,2,0
"106601",10,4,"P78",14,2,2,48,5,0
"106602",10,4,"P77",7,2,1,43,5,0
"106621",21,3,"C3",6,1,2,23,1,0
"106625",21,3,"C28",2,4,2,48,2,0
"106626",21,3,"C41",13,2,1,28,3,0
"106634",21,3,"C37",2,1,1,43,3,0
"107470",37,2,"B17",6,6,2,38,1,0
"107472",37,3,"C10",9,4,2,28,1,0
"107473",37,4,"P11",4,4,2,38,1,0
"107474",37,4,"P17",2,6,2,38,1,0
"107475",37,4,"P2",3,1,1,28,1,0
"107476",37,4,"P3",2,1,1,48,1,0
"107477",37,4,"P23",6,2,2,28,2,0
"107491",21,3,"C50",9,5,2,20,3,0
"107675",34,2,"B33",6,5,2,33,2,0
"108001",12,2,"B3",12,1,1,52,1,0
"108002",12,2,"B5",14,2,2,52,1,0
"108004",12,2,"B12",2,4,1,38,1,0
"108006",12,2,"B19",13,1,1,38,2,0
"108007",12,2,"B21",12,1,1,67,2,0
"108008",12,2,"B23",7,2,1,38,2,0
"108009",12,2,"B24",11,2,1,57,2,0
"108010",12,2,"B26",13,3,1,57,2,0
"108011",12,2,"B27",2,3,1,57,2,0
"108012",12,2,"B34",2,6,1,48,2,0
"108013",12,3,"C11",7,4,1,33,1,0
"108014",12,3,"C20",13,1,2,48,2,0
"108015",12,3,"C21",14,1,1,57,2,0
"108016",12,3,"C28",2,4,2,48,2,0
"108017",12,3,"C32",2,5,1,33,2,0
"108018",12,3,"C46",2,4,1,48,3,0
"108019",12,3,"C47",13,4,2,18,3,0
"108523",12,3,"C57",5,1,2,33,4,0
"108582",2,1,"A11",3,4,1,62,1,0
"108583",2,1,"A14",3,5,1,60,1,0
"108584",2,4,"P4",4,2,1,38,1,0
"108594",21,4,"P73",11,1,2,33,5,0
"108673",13,1,"A7",3,3,1,43,1,0
"109525",4,2,"B15",9,5,1,38,1,0
"109680",21,3,"C12",14,4,1,43,1,0
"109715",16,4,"P35",4,6,1,28,2,0
"109717",16,4,"P34",9,6,2,48,2,0
"109719",16,4,"P41",9,2,2,43,3,0
"109729",16,4,"P82",6,4,2,48,5,0
"109741",16,3,"C53",14,6,1,38,3,0
"109742",16,3,"C45",11,3,1,55,3,0
"109743",16,3,"C44",14,3,1,55,3,0
"109869",21,3,"C54",14,6,1,57,3,0
"110062",34,1,"A25",1,3,1,38,2,0
"110830",25,4,"P1",3,1,1,38,1,0
"110831",25,4,"P5",3,2,1,23,1,0
"110832",25,4,"P3",2,1,1,48,1,0
"110833",25,4,"P6",2,2,1,43,1,0
"110834",25,4,"P12",4,4,1,33,1,0
"110835",25,4,"P16",7,6,1,33,1,0
"110836",25,4,"P17",2,6,2,38,1,0
"110837",25,4,"P18",2,6,1,28,1,0
"110838",25,4,"P19",2,1,1,48,2,0
"110839",25,4,"P20",7,1,1,23,2,0
"110840",25,4,"P26",4,3,1,43,2,0
"110842",25,4,"P30",4,4,1,33,2,0
"110843",25,4,"P32",3,5,2,43,2,0
"110844",25,4,"P33",9,5,1,43,2,0
"110845",25,4,"P34",9,6,2,48,2,0
"110846",25,4,"P37",2,1,1,43,3,0
"110847",25,4,"P38",9,1,1,33,3,0
"110848",25,4,"P42",6,2,2,28,3,0
"110849",25,4,"P43",7,3,2,38,3,0
"110850",25,4,"P44",11,3,2,28,3,0
"110851",25,4,"P48",9,4,2,33,3,0
"110852",25,4,"P49",14,5,1,33,3,0
"110853",25,4,"P50",6,5,2,33,3,0
"110854",25,4,"P55",14,1,2,33,4,0
"110855",25,4,"P61",1,3,2,28,4,0
"110856",25,4,"P70",6,6,2,38,4,0
"110857",25,4,"P73",11,1,2,33,5,0
"110858",25,4,"P78",14,2,2,48,5,0
"110859",25,4,"P82",6,4,2,48,5,0
"110894",27,4,"P3",2,1,1,48,1,0
"110895",27,4,"P73",11,1,2,33,5,0
"110950",44,1,"A24",2,2,1,48,2,0
"110997",41,4,"P12",4,4,1,33,1,0
"111002",41,4,"P19",2,1,1,48,2,0
"111003",41,4,"P39",14,1,1,43,3,0
"111004",41,4,"P49",14,5,1,33,3,0
"111005",41,4,"P60",14,2,1,28,4,0
"111007",41,4,"P57",4,1,1,43,4,0
"111008",41,4,"P55",14,1,2,33,4,0
"111010",41,4,"P41",9,2,2,43,3,0
"111014",41,3,"C12",14,4,1,43,1,0
"111053",22,4,"P5",3,2,1,23,1,0
"111058",22,4,"P33",9,5,1,43,2,0
"111059",22,4,"P35",4,6,1,28,2,0
"111060",22,4,"P42",6,2,2,28,3,0
"111303",30,4,"P16",7,6,1,33,1,0
"111304",30,4,"P1",3,1,1,38,1,0
"111305",30,4,"P5",3,2,1,23,1,0
"111306",30,4,"P15",4,5,2,38,1,0
"111383",11,1,"A2",3,1,1,43,1,0
"111791",16,3,"C3",6,1,2,23,1,0
"111792",16,3,"C4",4,2,1,48,1,0
"111793",16,3,"C6",6,2,1,33,1,0
"111794",16,3,"C32",2,5,1,33,2,0
"111798",16,3,"C43",6,3,2,28,3,0
"111799",16,3,"C41",13,2,1,28,3,0
"111800",16,3,"C38",13,1,1,38,3,0
"111802",16,3,"C57",5,1,2,33,4,0
"112200",27,1,"A13",1,5,1,28,1,0
"112288",24,4,"P52",11,6,2,23,3,0
"112333",21,4,"P75",7,1,1,33,5,0
"112875",31,3,"C9",6,3,1,48,1,0
"112876",31,3,"C11",7,4,1,33,1,0
"112881",31,3,"C38",13,1,1,38,3,0
"112883",31,1,"A35",14,6,2,33,2,0
"112884",31,3,"C6",6,2,1,33,1,0
"112885",31,3,"C15",6,5,1,33,1,0
"113596",44,4,"P82",6,4,2,48,5,0
"113598",10,3,"C4",4,2,1,48,1,0
"113599",10,3,"C5",11,2,1,48,1,0
"113730",44,4,"P71",2,6,2,33,4,0
"113734",44,1,"A42",6,2,1,28,3,0
"113830",32,1,"A34",2,6,1,38,2,0
"113831",32,1,"A32",2,5,1,38,2,0
"113832",32,1,"A27",3,3,1,55,2,0
"113833",32,1,"A13",1,5,1,28,1,0
"113834",32,1,"A11",3,4,1,62,1,0
"113835",32,1,"A10",3,4,1,38,1,0
"113837",32,2,"B13",12,5,2,62,1,0
"113838",32,2,"B11",2,4,1,43,1,0
"113839",32,3,"C6",6,2,1,33,1,0
"114090",38,1,"A8",3,3,1,62,1,0
"114422",27,1,"A6",3,2,1,43,1,0
"114423",27,1,"A16",1,6,1,33,1,0
"114424",27,4,"P11",4,4,2,38,1,0
"114426",27,4,"P39",14,1,1,43,3,0
"114890",46,4,"P40",4,2,1,43,3,0
"114891",46,4,"P52",11,6,2,23,3,0
"115964",41,3,"C8",2,3,2,48,1,0
"116744",44,4,"P45",9,3,1,33,3,0
"116920",9,4,"P52",11,6,2,23,3,0
"117192",42,1,"A22",4,2,1,62,2,0
"117193",42,1,"A26",2,3,1,38,2,0
"117670",26,2,"B13",12,5,2,62,1,0
"117671",26,2,"B16",12,6,1,52,1,0
"117788",15,2,"B25",6,3,1,38,2,0
"118009",16,3,"C33",14,5,1,48,2,0
"118085",19,3,"C48",6,4,1,28,3,0
"118086",19,3,"C42",7,2,1,28,3,0
"118087",19,3,"C54",14,6,1,57,3,0
"118088",19,3,"C40",14,2,2,28,3,0
"118190",38,2,"B3",12,1,1,52,1,0
"118191",38,3,"C7",13,3,1,48,1,0
"118262",41,4,"P7",4,3,2,28,1,0
"118332",41,3,"C1",4,1,2,28,1,0
"119001",22,3,"C34",7,6,1,48,2,0
"119013",16,3,"C8",2,3,2,48,1,0
"119312",21,4,"P34",9,6,2,48,2,0
"119369",16,3,"C22",11,2,2,43,2,0
"119370",16,3,"C27",11,3,1,48,2,0
"119373",16,3,"C59",5,2,2,52,4,0
"120355",16,3,"C54",14,6,1,57,3,0
"120500",41,1,"A9",3,3,1,82,1,0
"121286",27,2,"B12",2,4,1,38,1,0
"121287",27,2,"B14",2,5,1,62,1,0
"121288",27,2,"B26",13,3,1,57,2,0
"121290",27,2,"B19",13,1,1,38,2,0
"121291",27,2,"B27",2,3,1,57,2,0
"121293",27,3,"C29",6,4,2,52,2,0
"121931",25,4,"P77",7,2,1,43,5,0
"121932",25,4,"P74",12,1,2,33,5,0
"121933",25,4,"P57",4,1,1,43,4,0
"121934",25,3,"C5",11,2,1,48,1,0
"121935",25,3,"C6",6,2,1,33,1,0
"121936",25,3,"C7",13,3,1,48,1,0
"121937",25,3,"C9",6,3,1,48,1,0
"121938",25,3,"C22",11,2,2,43,2,0
"121939",25,3,"C57",5,1,2,33,4,0
"121940",25,1,"A9",3,3,1,82,1,0
"121941",25,2,"B24",11,2,1,57,2,0
"121942",25,2,"B34",2,6,1,48,2,0
"122093",28,1,"A5",3,2,1,43,1,0
"122169",41,4,"P14",2,5,2,38,1,0
"122263",36,2,"B3",12,1,1,52,1,0
"122264",36,2,"B13",12,5,2,62,1,0
"122265",36,2,"B10",2,4,1,67,1,0
"122955",27,2,"B25",6,3,1,38,2,0
"123131",21,2,"B10",2,4,1,67,1,0
"123253",41,3,"C59",5,2,2,52,4,0
"123277",42,1,"A8",3,3,1,62,1,0
"123288",12,3,"C4",4,2,1,48,1,0
"123291",12,3,"C40",14,2,2,28,3,0
"123292",12,3,"C41",13,2,1,28,3,0
"123293",12,3,"C42",7,2,1,28,3,0
"123294",12,3,"C50",9,5,2,20,3,0
"123300",12,1,"A10",3,4,1,38,1,0
"123303",12,2,"B15",9,5,1,38,1,0
"124211",16,3,"C56",6,1,2,57,4,0
"124271",21,4,"P11",4,4,2,38,1,0
"124280",21,4,"P53",2,6,2,38,3,0
"124281",21,4,"P41",9,2,2,43,3,0
"124287",21,4,"P58",9,2,2,38,4,0
"124289",21,4,"P67",9,5,1,38,4,0
"124754",41,1,"A7",3,3,1,43,1,0
"124816",41,4,"P21",4,1,1,33,2,0
"124817",41,4,"P24",6,2,1,43,2,0
"125789",3,2,"B30",9,4,1,57,2,0
"126732",21,4,"P43",7,3,2,38,3,0
"126747",12,3,"C45",11,3,1,55,3,0
"126748",12,2,"B33",6,5,2,33,2,0
"126823",46,4,"P63",14,3,2,28,4,0
"126937",12,3,"C35",9,6,1,50,2,0
"127011",21,2,"B11",2,4,1,43,1,0
"127255",41,3,"C30",2,4,2,28,2,0
"127944",3,1,"A1",8,1,1,28,1,0
"128206",43,1,"A2",3,1,1,43,1,0
"128208",43,2,"B10",2,4,1,67,1,0
"128209",43,2,"B14",2,5,1,62,1,0
"128210",43,3,"C10",9,4,2,28,1,0
"128211",43,3,"C14",9,5,1,23,1,0
"128212",43,4,"P13",4,5,1,38,1,0
"128213",43,4,"P2",3,1,1,28,1,0
"128429",37,3,"C13",9,5,1,48,1,0
"128430",37,3,"C19",12,1,1,48,2,0
"128432",37,3,"C43",6,3,2,28,3,0
"128433",37,3,"C47",13,4,2,18,3,0
"128438",37,1,"A30",6,4,1,38,2,0
"128463",21,3,"C16",13,6,1,28,1,0
"128469",21,1,"A30",6,4,1,38,2,0
"129170",10,2,"B2",3,1,2,57,1,0
"129228",27,1,"A23",6,2,2,33,2,0
"129320",37,4,"P27",6,3,2,33,2,0
"129327",37,2,"B34",2,6,1,48,2,0
"129331",37,2,"B5",14,2,2,52,1,0
"129334",37,4,"P1",3,1,1,38,1,0
"129335",37,4,"P5",3,2,1,23,1,0
"129340",37,4,"P21",4,1,1,33,2,0
"129341",37,4,"P29",5,4,2,33,2,0
"129342",37,4,"P19",2,1,1,48,2,0
"129344",37,4,"P42",6,2,2,28,3,0
"129345",37,4,"P51",9,5,1,28,3,0
"129348",37,4,"P56",2,1,1,33,4,0
"129349",37,4,"P68",2,5,2,43,4,0
"129350",37,4,"P63",14,3,2,28,4,0
"129355",37,1,"A41",4,2,1,43,3,0
"129358",37,3,"C32",2,5,1,33,2,0
"129414",27,1,"A10",3,4,1,38,1,0
"129419",27,3,"C18",9,6,1,48,1,0
"129421",27,3,"C47",13,4,2,18,3,0
"129424",27,1,"A7",3,3,1,43,1,0
"129880",44,4,"P40",4,2,1,43,3,0
"129881",44,4,"P43",7,3,2,38,3,0
"129883",44,4,"P77",7,2,1,43,5,0
"130039",46,4,"P69",9,5,1,43,4,0
"130883",12,4,"P41",9,2,2,43,3,0
"130885",12,2,"B22",2,2,1,67,2,0
"131183",25,1,"A2",3,1,1,43,1,0
"131184",25,1,"A1",8,1,1,28,1,0
"131188",25,4,"P7",4,3,2,28,1,0
"131189",25,4,"P8",2,3,1,28,1,0
"131190",25,4,"P14",2,5,2,38,1,0
"131192",25,4,"P23",6,2,2,28,2,0
"131558",3,1,"A17",2,6,1,62,1,0
"131559",3,4,"P8",2,3,1,28,1,0
"131560",3,4,"P14",2,5,2,38,1,0
"131561",3,4,"P18",2,6,1,28,1,0
"132965",24,4,"P68",2,5,2,43,4,0
"134297",41,2,"B7",6,3,1,38,1,0
"134298",41,3,"C9",6,3,1,48,1,0
"135034",9,4,"P2",3,1,1,28,1,0
"135035",9,4,"P25",2,3,2,43,2,0
"135037",9,4,"P35",4,6,1,28,2,0
"135038",9,4,"P36",2,6,1,43,2,0
"135042",9,4,"P74",12,1,2,33,5,0
"135043",9,4,"P76",2,2,2,43,5,0
"135045",9,4,"P80",7,3,1,28,5,0
"135076",28,1,"A2",3,1,1,43,1,0
"135078",28,1,"A14",3,5,1,60,1,0
"135079",28,1,"A4",3,2,2,38,1,0
"135382",44,4,"P70",6,6,2,38,4,0
"135663",10,2,"B11",2,4,1,43,1,0
"135664",10,2,"B13",12,5,2,62,1,0
"135665",10,2,"B15",9,5,1,38,1,0
"135668",10,1,"A15",14,5,2,33,1,0
"135670",10,1,"A31",6,5,2,62,2,0
"135978",37,1,"A10",3,4,1,38,1,0
"136354",22,1,"A14",3,5,1,60,1,0
"136357",22,4,"P15",4,5,2,38,1,0
"136358",22,4,"P11",4,4,2,38,1,0
"138032",16,3,"C21",14,1,1,57,2,0
"138033",16,3,"C39",6,1,1,77,3,0
"138049",38,2,"B27",2,3,1,57,2,0
"138050",38,1,"A34",2,6,1,38,2,0
"138051",38,1,"A37",2,1,1,62,3,0
"138088",39,4,"P36",2,6,1,43,2,0
"138089",39,4,"P39",14,1,1,43,3,0
"138090",39,4,"P14",2,5,2,38,1,0
"138091",39,2,"B10",2,4,1,67,1,0
"138167",24,4,"P64",12,4,2,28,4,0
"138198",20,3,"C5",11,2,1,48,1,0
"138200",20,3,"C26",14,3,1,28,2,0
"138202",20,3,"C42",7,2,1,28,3,0
"138203",20,3,"C49",4,5,2,26,3,0
"138224",16,3,"C40",14,2,2,28,3,0
"138895",2,3,"C30",2,4,2,28,2,0
"138896",2,3,"C35",9,6,1,50,2,0
"138897",2,3,"C47",13,4,2,18,3,0
"138898",2,3,"C56",6,1,2,57,4,0
"139232",46,4,"P53",2,6,2,38,3,0
"139233",46,4,"P76",2,2,2,43,5,0
"139395",41,1,"A26",2,3,1,38,2,0
"139421",32,3,"C29",6,4,2,52,2,0
"139513",41,1,"A39",4,1,1,38,3,0
"139573",36,3,"C15",6,5,1,33,1,0
"139574",36,3,"C18",9,6,1,48,1,0
"139575",36,3,"C36",14,6,1,43,2,0
"139576",36,3,"C49",4,5,2,26,3,0
"139578",36,3,"C45",11,3,1,55,3,0
"139579",36,3,"C44",14,3,1,55,3,0
"139580",36,4,"P16",7,6,1,33,1,0
"139581",36,2,"B11",2,4,1,43,1,0
"139583",36,2,"B12",2,4,1,38,1,0
"139585",36,2,"B4",10,2,1,52,1,0
"140911",10,1,"A17",2,6,1,62,1,0
"140913",10,2,"B6",2,2,1,52,1,0
"140914",10,2,"B1",4,1,1,57,1,0
"140915",10,2,"B14",2,5,1,62,1,0
"140916",10,3,"C21",14,1,1,57,2,0
"140917",10,3,"C43",6,3,2,28,3,0
"140918",10,3,"C39",6,1,1,77,3,0
"140919",10,4,"P18",2,6,1,28,1,0
"140954",41,4,"P76",2,2,2,43,5,0
"140955",34,4,"P26",4,3,1,43,2,0
"140956",34,4,"P29",5,4,2,33,2,0
"140957",34,4,"P53",2,6,2,38,3,0
"140958",34,4,"P43",7,3,2,38,3,0
"140959",34,4,"P71",2,6,2,33,4,0
"140960",34,4,"P77",7,2,1,43,5,0
"140961",34,4,"P73",11,1,2,33,5,0
"140962",34,4,"P11",4,4,2,38,1,0
"141363",16,3,"C58",14,2,2,48,4,0
"142108",46,4,"P62",12,3,2,33,4,0
"142383",16,1,"A23",6,2,2,33,2,0
"142385",16,1,"A27",3,3,1,55,2,0
"142390",16,1,"A37",2,1,1,62,3,0
"142392",16,1,"A39",4,1,1,38,3,0
"142394",16,1,"A41",4,2,1,43,3,0
"142487",38,3,"C59",5,2,2,52,4,0
"143246",46,4,"P71",2,6,2,33,4,0
"143670",46,3,"C20",13,1,2,48,2,0
"143751",9,4,"P3",2,1,1,48,1,0
"143867",22,1,"A21",1,1,1,62,2,0
"143872",22,2,"B27",2,3,1,57,2,0
"143874",22,3,"C17",14,6,1,48,1,0
"143876",38,2,"B16",12,6,1,52,1,0
"143879",38,1,"A7",3,3,1,43,1,0
"143881",38,3,"C54",14,6,1,57,3,0
"143882",27,2,"B21",12,1,1,67,2,0
"143887",27,2,"B28",9,4,1,38,2,0
"143888",27,2,"B29",2,4,1,62,2,0
"143889",27,2,"B30",9,4,1,57,2,0
"145113",21,1,"A22",4,2,1,62,2,0
"146349",16,4,"P40",4,2,1,43,3,0
"146669",43,2,"B13",12,5,2,62,1,0
"146671",43,2,"B26",13,3,1,57,2,0
"147747",17,1,"A2",3,1,1,43,1,0
"147761",16,3,"C28",2,4,2,48,2,0
"147843",10,3,"C1",4,1,2,28,1,0
"147844",10,3,"C13",9,5,1,48,1,0
"147845",10,3,"C7",13,3,1,48,1,0
"148255",27,1,"A12",2,4,1,38,1,0
"148700",44,2,"B34",2,6,1,48,2,0
"148917",41,2,"B34",2,6,1,48,2,0
"148919",41,2,"B29",2,4,1,62,2,0
"149076",16,3,"C24",12,2,1,33,2,0
"149079",16,3,"C35",9,6,1,50,2,0
"149192",42,2,"B12",2,4,1,38,1,0
"149342",15,1,"A12",2,4,1,38,1,0
"149979",44,4,"P53",2,6,2,38,3,0
"149997",46,4,"P65",9,4,2,43,4,0
"150006",46,4,"P35",4,6,1,28,2,0
"150010",46,3,"C52",2,6,1,38,3,0
"150285",41,3,"C25",2,3,1,33,2,0
"150287",41,3,"C52",2,6,1,38,3,0
"150635",44,2,"B6",2,2,1,52,1,0
"150715",37,2,"B12",2,4,1,38,1,0
"151126",28,1,"A21",1,1,1,62,2,0
"151127",28,1,"A43",2,3,1,62,3,0
"151130",28,4,"P33",9,5,1,43,2,0
"151270",44,3,"C52",2,6,1,38,3,0
"151353",3,1,"A8",3,3,1,62,1,0
"151354",3,1,"A12",2,4,1,38,1,0
"151356",3,1,"A34",2,6,1,38,2,0
"151357",3,1,"A37",2,1,1,62,3,0
"151361",3,1,"A9",3,3,1,82,1,0
"151363",3,4,"P2",3,1,1,28,1,0
"151365",3,4,"P36",2,6,1,43,2,0
"151366",3,4,"P26",4,3,1,43,2,0
"152365",39,1,"A38",6,1,1,62,3,0
"152367",39,2,"B17",6,6,2,38,1,0
"152369",39,2,"B12",2,4,1,38,1,0
"152373",39,2,"B25",6,3,1,38,2,0
"152375",39,2,"B21",12,1,1,67,2,0
"152377",39,2,"B20",8,1,1,43,2,0
"152379",39,2,"B22",2,2,1,67,2,0
"152381",39,2,"B31",9,5,1,57,2,0
"152383",39,2,"B24",11,2,1,57,2,0
"152384",39,1,"A7",3,3,1,43,1,0
"152522",21,1,"A36",1,6,1,33,2,0
"152930",12,1,"A1",8,1,1,28,1,0
"153224",21,3,"C45",11,3,1,55,3,0
"153242",21,4,"P36",2,6,1,43,2,0
"153930",21,1,"A39",4,1,1,38,3,0
"154303",28,3,"C42",7,2,1,28,3,0
"154306",28,3,"C54",14,6,1,57,3,0
"154314",28,4,"P8",2,3,1,28,1,0
"154317",28,2,"B7",6,3,1,38,1,0
"154319",28,2,"B16",12,6,1,52,1,0
"154321",28,2,"B17",6,6,2,38,1,0
"154322",28,2,"B10",2,4,1,67,1,0
"154323",28,2,"B2",3,1,2,57,1,0
"154326",28,3,"C4",4,2,1,48,1,0
"154333",28,3,"C13",9,5,1,48,1,0
"154334",28,3,"C6",6,2,1,33,1,0
"154541",38,3,"C42",7,2,1,28,3,0
"154800",3,1,"A14",3,5,1,60,1,0
"154963",46,4,"P18",2,6,1,28,1,0
"155587",19,1,"A1",8,1,1,28,1,0
"155742",10,1,"A18",4,6,1,38,1,0
"156447",5,1,"A2",3,1,1,43,1,0
"156448",5,1,"A8",3,3,1,62,1,0
"156449",5,3,"C11",7,4,1,33,1,0
"156450",5,4,"P23",6,2,2,28,2,0
"156780",2,2,"B12",2,4,1,38,1,0
"157198",10,3,"C3",6,1,2,23,1,0
"157200",10,3,"C17",14,6,1,48,1,0
"157201",10,3,"C20",13,1,2,48,2,0
"157204",10,3,"C26",14,3,1,28,2,0
"157207",10,3,"C41",13,2,1,28,3,0
"157211",10,4,"P26",4,3,1,43,2,0
"157212",10,4,"P43",7,3,2,38,3,0
"157213",10,4,"P49",14,5,1,33,3,0
"157214",10,4,"P70",6,6,2,38,4,0
"157215",10,4,"P2",3,1,1,28,1,0
"157216",10,4,"P9",4,3,2,23,1,0
"157219",10,4,"P33",9,5,1,43,2,0
"157220",10,4,"P27",6,3,2,33,2,0
"157221",10,4,"P46",14,4,1,28,3,0
"157222",10,4,"P47",14,4,1,28,3,0
"157224",10,4,"P50",6,5,2,33,3,0
"157225",10,4,"P72",14,6,1,33,4,0
"157226",10,4,"P71",2,6,2,33,4,0
"157362",38,2,"B7",6,3,1,38,1,0
"157712",46,2,"B33",6,5,2,33,2,0
"157905",34,4,"P1",3,1,1,38,1,0
"158382",38,1,"A12",2,4,1,38,1,0
"158421",3,2,"B16",12,6,1,52,1,0
"158424",3,4,"P4",4,2,1,38,1,0
"158425",3,4,"P5",3,2,1,23,1,0
"158428",3,4,"P9",4,3,2,23,1,0
"158429",3,4,"P10",4,4,2,65,1,0
"158430",3,4,"P11",4,4,2,38,1,0
"158431",3,4,"P13",4,5,1,38,1,0
"158434",3,4,"P17",2,6,2,38,1,0
"158435",3,4,"P27",6,3,2,33,2,0
"158437",3,4,"P29",5,4,2,33,2,0
"158442",3,4,"P75",7,1,1,33,5,0
"158443",3,4,"P73",11,1,2,33,5,0
"158446",3,2,"B21",12,1,1,67,2,0
"159025",34,4,"P59",2,2,2,38,4,0
"159441",12,1,"A14",3,5,1,60,1,0
"159445",12,2,"B32",6,5,1,38,2,0
"159446",12,2,"B2",3,1,2,57,1,0
"159449",12,4,"P74",12,1,2,33,5,0
"159450",12,4,"P18",2,6,1,28,1,0
"159453",12,4,"P14",2,5,2,38,1,0
"159455",12,4,"P50",6,5,2,33,3,0
"159456",12,4,"P59",2,2,2,38,4,0
"159457",12,4,"P60",14,2,1,28,4,0
"159458",12,4,"P77",7,2,1,43,5,0
"159465",12,1,"A32",2,5,1,38,2,0
"159466",12,1,"A34",2,6,1,38,2,0
"160200",41,4,"P34",9,6,2,48,2,0
"160206",41,4,"P30",4,4,1,33,2,0
"160209",41,4,"P45",9,3,1,33,3,0
"160210",41,4,"P37",2,1,1,43,3,0
"160211",41,4,"P65",9,4,2,43,4,0
"160212",41,4,"P67",9,5,1,38,4,0
"160213",41,4,"P69",9,5,1,43,4,0
"160214",41,4,"P81",4,3,2,43,5,0
"160220",41,3,"C39",6,1,1,77,3,0
"161639",10,1,"A38",6,1,1,62,3,0
"162690",38,3,"C57",5,1,2,33,4,0
"163739",46,4,"P25",2,3,2,43,2,0
"163751",46,4,"P72",14,6,1,33,4,0
"163871",34,3,"C2",12,1,1,43,1,0
"163872",34,3,"C3",6,1,2,23,1,0
"163924",2,1,"A12",2,4,1,38,1,0
"163925",2,2,"B33",6,5,2,33,2,0
"163927",2,3,"C4",4,2,1,48,1,0
"163928",2,3,"C21",14,1,1,57,2,0
"163929",2,3,"C40",14,2,2,28,3,0
"163930",2,3,"C48",6,4,1,28,3,0
"163931",2,3,"C50",9,5,2,20,3,0
"163932",2,3,"C51",6,5,1,20,3,0
"163933",2,3,"C59",5,2,2,52,4,0
"163934",2,1,"A42",6,2,1,28,3,0
"163936",2,2,"B13",12,5,2,62,1,0
"163939",2,2,"B9",1,3,1,48,1,0
"163940",2,2,"B34",2,6,1,48,2,0
"163978",10,3,"C18",9,6,1,48,1,0
"164545",34,2,"B22",2,2,1,67,2,0
"164547",34,2,"B27",2,3,1,57,2,0
"164574",34,3,"C49",4,5,2,26,3,0
"165178",34,3,"C42",7,2,1,28,3,0
"165180",34,1,"A23",6,2,2,33,2,0
"165220",34,3,"C24",12,2,1,33,2,0
